SK K lol I just asked you why super fast reply mera to gharwale sunday pe sab ghar pe baith ke aapna program dekhenge,,
SK,Eng,O
K,Eng,Eng
lol,Hin,Eng
I,Hin,Eng
just,Eng,Eng
asked,Eng,Eng
you,Eng,Eng
why,Eng,Eng
super,Eng,Eng
fast,Eng,Eng
reply,Eng,Eng
mera,Eng,Hin
to,Hin,Hin
gharwale,Hin,Hin
sunday,Hin,Eng
pe,Hin,Hin
sab,Hin,Hin
ghar,Hin,Hin
pe,Hin,Hin
baith,Hin,Hin
ke,Hin,Hin
aapna,Hin,Hin
program,Hin,Eng
dekhenge,Hin,Hin
Preey u know na preeto neend to din raat nahi aati l,,
Preey,Hin,O
u,Hin,Eng
know,Eng,Eng
na,Eng,Hin
preeto,Hin,O
neend,Hin,Hin
to,Hin,Hin
din,Hin,Hin
raat,Hin,Hin
nahi,Hin,Hin
aati,Hin,Hin
l,Hin,Eng
hey idiot Motherland is whichever land they belonged 2 at that point of time Bharat Mata is not something we borrowed,,
hey,Hin,Eng
idiot,Eng,Eng
Motherland,Eng,Eng
is,Eng,Eng
whichever,Eng,Eng
land,Eng,Eng
they,Eng,Eng
belonged,Eng,Eng
2,O,O
at,Eng,Eng
that,Eng,Eng
point,Eng,Eng
of,Eng,Eng
time,Eng,Eng
Bharat,Hin,O
Mata,Hin,Hin
is,Eng,Eng
not,Eng,Eng
something,Eng,Eng
we,Eng,Eng
borrowed,Eng,Eng
these days we compare everything to malda is desh mein rehna hai to malda se compare karna hai,,
these,Eng,Eng
days,Eng,Eng
we,Eng,Eng
compare,Eng,Eng
everything,Eng,Eng
to,Hin,Eng
malda,Eng,O
is,Hin,Hin
desh,Hin,Hin
mein,Hin,Hin
rehna,Hin,Hin
hai,Hin,Hin
to,Hin,Hin
malda,Eng,O
se,Eng,Hin
compare,Eng,Eng
karna,Hin,Hin
hai,Hin,Hin
these days we compare everything to malda is desh mein rehna hai to malda se compare karna hai,,
these,Eng,Eng
days,Eng,Eng
we,Eng,Eng
compare,Eng,Eng
everything,Eng,Eng
to,Hin,Eng
malda,Eng,O
is,Hin,Hin
desh,Hin,Hin
mein,Hin,Hin
rehna,Hin,Hin
hai,Hin,Hin
to,Hin,Hin
malda,Eng,O
se,Eng,Hin
compare,Eng,Eng
karna,Hin,Hin
hai,Hin,Hin
dont make it ONLY requisite of desh bhakt if corrupt cheater and anti national ppl say bharat mata ki jay than,,
dont,Eng,Eng
make,Eng,Eng
it,Eng,Eng
ONLY,Eng,Eng
requisite,Eng,Eng
of,Eng,Eng
desh,Hin,Hin
bhakt,Hin,Hin
if,Eng,Eng
corrupt,Eng,Eng
cheater,Eng,Eng
and,Eng,Eng
anti,Eng,Eng
national,Eng,Eng
ppl,Eng,Eng
say,Hin,Eng
bharat,Hin,Hin
mata,Hin,Hin
ki,Hin,Hin
jay,Hin,Hin
than,Eng,Eng
Yourdecisionofreduceinterestonppf amp KishanVikashpatra is not suitable for our farmers amp not agree with you bharat gaon ka desh hai,,
Yourdecisionofreduceinterestonppf,Eng,Eng
amp,Eng,O
KishanVikashpatra,Eng,O
is,Eng,Eng
not,Eng,Eng
suitable,Eng,Eng
for,Eng,Eng
our,Eng,Eng
farmers,Eng,Eng
amp,Eng,O
not,Eng,Eng
agree,Eng,Eng
with,Eng,Eng
you,Hin,Eng
bharat,Hin,O
gaon,Hin,Hin
ka,Hin,Hin
desh,Hin,Hin
hai,Hin,Hin
Wtf is this new fake meat thing Can t wait to have ghar walo ke comments on this,,
Wtf,Eng,Eng
is,Eng,Eng
this,Eng,Eng
new,Eng,Eng
fake,Eng,Eng
meat,Eng,Eng
thing,Eng,Eng
Can,Eng,Eng
t,Hin,Eng
wait,Eng,Eng
to,Eng,Eng
have,Hin,Eng
ghar,Hin,Hin
walo,Hin,Hin
ke,Hin,Hin
comments,Eng,Eng
on,Eng,Eng
this,Eng,Eng
his was epic Do din ki chandni Phir wahi andheri raat In this situation you made me lol,,
his,Eng,Eng
was,Eng,Eng
epic,Eng,Eng
Do,Hin,Hin
din,Hin,Hin
ki,Hin,Hin
chandni,Hin,Hin
Phir,Hin,Hin
wahi,Hin,Hin
andheri,Hin,Hin
raat,Hin,Hin
In,Hin,Eng
this,Eng,Eng
situation,Eng,Eng
you,Eng,Eng
made,Eng,Eng
me,Hin,Eng
lol,Hin,Eng
don t forget he is President for limited time but not husband Ghar toh jana hain Na biwi ke pass,,
don,Hin,Eng
t,Hin,Eng
forget,Eng,Eng
he,Eng,Eng
is,Eng,Eng
President,Eng,Eng
for,Eng,Eng
limited,Eng,Eng
time,Eng,Eng
but,Eng,Eng
not,Eng,Eng
husband,Eng,Eng
Ghar,Hin,Hin
toh,Hin,Hin
jana,Hin,Hin
hain,Hin,Hin
Na,Hin,Hin
biwi,Hin,Hin
ke,Hin,Hin
pass,Hin,Hin
It s more than Foreign Investment modi Ghar ke Bahar modi,,
It,Hin,Eng
s,Eng,Eng
more,Eng,Eng
than,Eng,Eng
Foreign,Eng,Eng
Investment,Eng,Eng
modi,Eng,O
Ghar,Hin,Hin
ke,Hin,Hin
Bahar,Hin,Hin
modi,Hin,O
N govt gives AX payer money to Christians for Pilgrimage in last 4 years this program has expanded 5 fold,,
N,Eng,Eng
govt,Eng,Eng
gives,Eng,Eng
AX,Eng,?
payer,Eng,Eng
money,Eng,Eng
to,Eng,Eng
Christians,Eng,O
for,Eng,Eng
Pilgrimage,Eng,Eng
in,Eng,Eng
last,Eng,Eng
4,O,O
years,Eng,Eng
this,Eng,Eng
program,Eng,Eng
has,Eng,Eng
expanded,Eng,Eng
5,O,O
fold,Eng,Eng
hanks jay so much n I must share a good news that this drama is being made into film by Ashutosh Gowariker prod htt,,
hanks,Hin,Eng
jay,Hin,O
so,Eng,Eng
much,Eng,Eng
n,Hin,Eng
I,Hin,Eng
must,Eng,Eng
share,Eng,Eng
a,Eng,Eng
good,Eng,Eng
news,Eng,Eng
that,Eng,Eng
this,Eng,Eng
drama,Eng,Eng
is,Eng,Eng
being,Eng,Eng
made,Eng,Eng
into,Eng,Eng
film,Eng,Eng
by,Eng,Eng
Ashutosh,Eng,O
Gowariker,Eng,o
prod,Eng,Eng
htt,Hin,?
It seems Believe church believe in giving Gifts for no reason Who is funding them Why are they doing this,,
It,Eng,Eng
seems,Eng,Eng
Believe,Eng,Eng
church,Eng,Eng
believe,Eng,Eng
in,Eng,Eng
giving,Eng,Eng
Gifts,Eng,Eng
for,Eng,Eng
no,Eng,Eng
reason,Eng,Eng
Who,Eng,Eng
is,Eng,Eng
funding,Eng,Eng
them,Eng,Eng
Why,Eng,Eng
are,Eng,Eng
they,Eng,Eng
doing,Eng,Eng
this,Eng,Eng
he World Forest Day today rees amp only trees can save the earth from climatic catastrophe of any kind,,
he,Hin,Eng
World,Eng,Eng
Forest,Eng,Eng
Day,Eng,Eng
today,Eng,Eng
rees,Eng,Eng
amp,Eng,Eng
only,Eng,Eng
trees,Eng,Eng
can,Eng,Eng
save,Eng,Eng
the,Eng,Eng
earth,Eng,Eng
from,Eng,Eng
climatic,Eng,Eng
catastrophe,Eng,Eng
of,Eng,Eng
any,Eng,Eng
kind,Eng,Eng
No Indian National Flag In hand of Bharat mata in SS why amp what kind of Desh bhakti it is,,
No,Eng,Eng
Indian,Eng,Eng
National,Eng,Eng
Flag,Eng,Eng
In,Eng,Eng
hand,Eng,Eng
of,Eng,Eng
Bharat,Hin,O
mata,Hin,Hin
in,Eng,Eng
SS,Eng,O
why,Hin,Eng
amp,Eng,Eng
what,Eng,Eng
kind,Eng,Eng
of,Eng,Eng
Desh,Hin,Hin
bhakti,Hin,Hin
it,Eng,Eng
is,Eng,Eng
First priority to save INDIANS YOUH not to unnecessary force for BHAA MAA KI JAY all Indian are DESH BHAK Jai Hind,,
First,Eng,Eng
priority,Eng,Eng
to,Eng,Eng
save,Hin,Hin
INDIANS,Hin,O
YOUH,Hin,Eng
not,Hin,Eng
to,Eng,Eng
unnecessary,Eng,Eng
force,Eng,Eng
for,Eng,Eng
BHAA,Hin,O
MAA,Hin,Hin
KI,Hin,Hin
JAY,Hin,Hin
all,Hin,Hin
Indian,Eng,O
are,Hin,Eng
DESH,Hin,Hin
BHAK,Hin,Hin
Jai,Hin,Hin
Hind,Hin,Hin
I love my Country BHAA Desh MAHAN,,
I,Hin,Eng
love,Hin,Eng
my,Hin,Eng
Country,Hin,Eng
BHAA,Hin,O
Desh,Hin,Hin
MAHAN,Hin,Hin
Why not Bharat desh and why Bharat mata,,
Why,Eng,Eng
not,Hin,Eng
Bharat,Hin,O
desh,Hin,Hin
and,Eng,Eng
why,Eng,Eng
Bharat,Hin,O
mata,Hin,Hin
Just saw something that cannot be shared here Kaise kameene public bhare hain is desh mein,,
Just,Eng,Eng
saw,Eng,Eng
something,Eng,Eng
that,Eng,Eng
cannot,Eng,Eng
be,Eng,Eng
shared,Eng,Eng
here,Hin,Eng
Kaise,Hin,Hin
kameene,Hin,Hin
public,Hin,Eng
bhare,Hin,Hin
hain,Hin,Hin
is,Hin,Hin
desh,Hin,Hin
mein,Hin,Hin
ughh nd i dnt wanna sleep din me so gayi to raat bhar jagungi,,
ughh,Hin,Eng
nd,Hin,Eng
i,Eng,Eng
dnt,Eng,Eng
wanna,Eng,Eng
sleep,Eng,Eng
din,Hin,Hin
me,Hin,Hin
so,Hin,Hin
gayi,Hin,Hin
to,Hin,Hin
raat,Hin,Hin
bhar,Hin,Hin
jagungi,Hin,Hin
unable to manage own house find it easy to recite for few media headlines on way to,,
unable,Eng,Eng
to,Eng,Eng
manage,Eng,Eng
own,Eng,Eng
house,Eng,Eng
find,Eng,Eng
it,Eng,Eng
easy,Eng,Eng
to,Eng,Eng
recite,Eng,Eng
for,Eng,Eng
few,Eng,Eng
media,Eng,Eng
headlines,Eng,Eng
on,Eng,Eng
way,Eng,Eng
to,Eng,Eng
and then India is intolerant because still most of us think that Hawaijahaz ke khidki se neeche hamara ghar dikhega,,
and,Eng,Eng
then,Eng,Eng
India,Eng,O
is,Eng,Eng
intolerant,Eng,Eng
because,Eng,Eng
still,Eng,Eng
most,Eng,Eng
of,Eng,Eng
us,Eng,Eng
think,Eng,Eng
that,Eng,Eng
Hawaijahaz,Hin,Hin
ke,Hin,Hin
khidki,Hin,Hin
se,Hin,Hin
neeche,Hin,Hin
hamara,Hin,Hin
ghar,Hin,Hin
dikhega,Hin,Hin
Just saw something that cannot be shared here Kaise kameene public bhare hain is desh mein,,
Just,Eng,Eng
saw,Eng,Eng
something,Eng,Eng
that,Eng,Eng
cannot,Eng,Eng
be,Eng,Eng
shared,Eng,Eng
here,Hin,Eng
Kaise,Hin,Hin
kameene,Hin,Hin
public,Hin,Eng
bhare,Hin,Hin
hain,Hin,Hin
is,Hin,Hin
desh,Hin,Hin
mein,Hin,Hin
rana ight slap to SS top leaders who keep ranting about reservation SS amp BJP are not i,,
rana,Hin,O
ight,Eng,Eng
slap,Eng,Eng
to,Eng,Eng
SS,Eng,O
top,Eng,Eng
leaders,Eng,Eng
who,Eng,Eng
keep,Eng,Eng
ranting,Eng,Eng
about,Eng,Eng
reservation,Eng,Eng
SS,Eng,O
amp,Eng,O
BJP,Eng,O
are,Eng,Eng
not,Hin,Eng
i,Hin,Eng
School ka woh Last day Jab sari girls ghar ke kapron may aati hain We all get a feeling k ye bhi Itni,,
School,Eng,Eng
ka,Hin,Hin
woh,Hin,Hin
Last,Eng,Eng
day,Eng,Eng
Jab,Hin,Hin
sari,Hin,Hin
girls,Hin,Eng
ghar,Hin,Hin
ke,Hin,Hin
kapron,Eng,Hin
may,Hin,Hin
aati,Hin,Hin
hain,Hin,Hin
We,Hin,Eng
all,Eng,Eng
get,Eng,Eng
a,Eng,Eng
feeling,Eng,Eng
k,Hin,Hin
ye,Hin,Hin
bhi,Hin,Hin
Itni,Hin,Hin
SS had 0 contribution to freedom fight Want to become desh bhakt by just shouting Bharat mata Mata ki Jai,,
SS,Eng,O
had,Eng,Eng
0,O,O
contribution,Eng,Eng
to,Eng,Eng
freedom,Eng,Eng
fight,Eng,Eng
Want,Hin,Eng
to,Eng,Eng
become,Eng,Eng
desh,Hin,Hin
bhakt,Hin,Hin
by,Hin,Eng
just,Eng,Eng
shouting,Eng,Eng
Bharat,Hin,O
mata,Hin,Hin
Mata,Hin,Hin
ki,Hin,Hin
Jai,Hin,Hin
If saying Bharat Mata ki Jai is not the only way to be patriotic but Bharat ere ukre honge Desh tere tukre honge is anti,,
If,Eng,Eng
saying,Eng,Eng
Bharat,Hin,O
Mata,Hin,Hin
ki,Hin,Hin
Jai,Hin,Hin
is,Eng,Eng
not,Eng,Eng
the,Eng,Eng
only,Eng,Eng
way,Eng,Eng
to,Eng,Eng
be,Eng,Eng
patriotic,Eng,Eng
but,Eng,Eng
Bharat,Hin,O
ere,Hin,Hin
ukre,Hin,Hin
honge,Hin,Hin
Desh,Hin,Hin
tere,Hin,Hin
tukre,Hin,Hin
honge,Hin,Hin
is,Hin,Hin
anti,Hin,Eng
inse bas kharcha karwa lo Desh ke gareeb jaye bhad mein they don t actually care,,
inse,Hin,Hin
bas,Hin,Hin
kharcha,Hin,Hin
karwa,Hin,Hin
lo,Hin,Hin
Desh,Hin,Hin
ke,Hin,Hin
gareeb,Hin,Hin
jaye,Hin,Hin
bhad,Hin,Hin
mein,Hin,Hin
they,Eng,Eng
don,Hin,Eng
t,Eng,Eng
actually,Eng,Eng
care,Eng,Eng
0mar Shout Bharat ere ukde honge Hazar is FoE Sing National Anthem amp they ll NO appreciate you but bring you down htt,,
0mar,Eng,O
Shout,Eng,Eng
Bharat,Hin,O
ere,Hin,Hin
ukde,Hin,Hin
honge,Hin,Hin
Hazar,Hin,Hin
is,Eng,Hin
FoE,Hin,O
Sing,Hin,Eng
National,Eng,Eng
Anthem,Eng,Eng
amp,Eng,O
they,Eng,Eng
ll,Eng,Eng
NO,Eng,Eng
appreciate,Eng,Eng
you,Eng,Eng
but,Eng,Eng
bring,Eng,Eng
you,Eng,Eng
down,Hin,Hin
htt,Hin,?
Join Panel Discussion Utho Mere Desh Naye Bharat Ke Wastey Bhagat Singh Ambedkar Ke astey Against BJP,,
Join,Eng,Eng
Panel,Eng,Eng
Discussion,Eng,Eng
Utho,Hin,Hin
Mere,Hin,Hin
Desh,Hin,Hin
Naye,Hin,Hin
Bharat,Hin,Ot
Ke,Hin,Hin
Wastey,Hin,Hin
Bhagat,Hin,Ot
Singh,Hin,Ot
Ambedkar,Hin,Ot
Ke,Hin,Hin
astey,Eng,Hin
Against,Eng,Eng
BJP,Eng,Ot
tweets Join Panel Discussion Utho Mere Desh Naye Bharat Ke Wastey Bhagat Singh Ambedkar Ke astey Against BJP,,
tweets,Eng,Eng
Join,Eng,Eng
Panel,Eng,Eng
Discussion,Eng,Eng
Utho,Hin,Hin
Mere,Hin,Hin
Desh,Hin,Hin
Naye,Hin,Hin
Bharat,Hin,Ot
Ke,Hin,Hin
Wastey,Hin,Hin
Bhagat,Hin,Ot
Singh,Hin,Ot
Ambedkar,Hin,Ot
Ke,Hin,Hin
astey,Eng,Hin
Against,Eng,Eng
BJP,Eng,Ot
Appropriate example of using phrase Na Ghar ke Na Ghat ke,,
Appropriate,Eng,Eng
example,Eng,Eng
of,Eng,Eng
using,Eng,Eng
phrase,Eng,Eng
Na,Hin,Hin
Ghar,Hin,Hin
ke,Hin,Hin
Na,Hin,Hin
Ghat,Hin,Hin
ke,Hin,Hin
On let us take firm pledge to enrich green cover It is our responsibility to protect forests https,,
On,Hin,Eng
let,Eng,Eng
us,Eng,Eng
take,Eng,Eng
firm,Eng,Eng
pledge,Eng,Eng
to,Eng,Eng
enrich,Eng,Eng
green,Eng,Eng
cover,Eng,Eng
It,Eng,Eng
is,Eng,Eng
our,Eng,Eng
responsibility,Eng,Eng
to,Eng,Eng
protect,Eng,Eng
forests,Eng,Eng
https,Eng,?
Hi Guys You Like Ganga ere Desh Mein Movie Watch Ganga ere Desh Mein Full Movie 1970 Online Just Visit,,
Hi,Hin,Eng
Guys,Hin,Eng
You,Eng,Eng
Like,Eng,Eng
Ganga,Hin,Ot
ere,Hin,Hin
Desh,Hin,Hin
Mein,Hin,Hin
Movie,Eng,Eng
Watch,Eng,Eng
Ganga,Eng,Ot
ere,Hin,Hin
Desh,Hin,Hin
Mein,Hin,Hin
Full,Hin,Eng
Movie,Eng,Eng
1970,O,Ot
Online,Eng,Eng
Just,Eng,Eng
Visit,Eng,Eng
Ask Simple questions to foreigners 99 99 missionaries come on ourist VISA to do Mission WOK which is Illegal https,,
Ask,Eng,Eng
Simple,Eng,Eng
questions,Eng,Eng
to,Eng,Eng
foreigners,Eng,Eng
99,O,Ot
99,O,Ot
missionaries,Eng,Eng
come,Eng,Eng
on,Eng,Eng
ourist,Eng,Eng
VISA,Eng,Ot
to,Hin,Eng
do,Eng,Eng
Mission,Eng,Eng
WOK,Eng,Ot
which,Eng,Eng
is,Eng,Eng
Illegal,Eng,Eng
https,Eng,?
A future ready naval force 1st made in India Scorpene class submarine to start trials,,
A,Eng,Eng
future,Eng,Eng
ready,Eng,Eng
naval,Eng,Eng
force,Eng,Eng
1st,Eng,Ot
made,Eng,Eng
in,Eng,Eng
India,Eng,Ot
Scorpene,Eng,Eng
class,Eng,Eng
submarine,Eng,Eng
to,Eng,Eng
start,Eng,Eng
trials,Eng,Eng
Indian Coast Guard ship Ameya rescued 5 fishermen yesterday 80 nautical miles from Okha in Gujarat,,
Indian,Eng,Ot
Coast,Eng,Eng
Guard,Eng,Eng
ship,Eng,Eng
Ameya,Eng,Ot
rescued,Eng,Eng
5,O,Ot
fishermen,Eng,Eng
yesterday,Eng,Eng
80,O,Ot
nautical,Eng,Eng
miles,Eng,Eng
from,Eng,Eng
Okha,Hin,Ot
in,Hin,Hin
Gujarat,Eng,Ot
Peace olerance amp UnconditionalLove In context of the WorldSufiForum2016 let s look at the sufi traditions in India https,,
Peace,Eng,Eng
olerance,Eng,Eng
amp,Eng,Ot
UnconditionalLove,Hin,Mix
In,Eng,Eng
context,Eng,Eng
of,Eng,Eng
the,Eng,Eng
WorldSufiForum2016,Eng,Mix
let,Eng,Eng
s,Eng,Eng
look,Eng,Eng
at,Eng,Eng
the,Eng,Eng
sufi,Eng,Eng
traditions,Eng,Eng
in,Eng,Eng
India,Eng,Ot
https,Eng,?
North Delhi Police at your door step in Gulabi Bagh area of Delhi 7 A community participation initiative,,
North,Eng,Eng
Delhi,Eng,Ot
Police,Eng,Eng
at,Eng,Eng
your,Eng,Eng
door,Eng,Eng
step,Eng,Eng
in,Hin,Hin
Gulabi,Hin,Hin
Bagh,Hin,Ot
area,Eng,Eng
of,Eng,Eng
Delhi,Eng,Ot
7,O,Ot
A,Eng,Eng
community,Eng,Eng
participation,Eng,Eng
initiative,Eng,Eng
Mock drill on adiological emergency at Mumbai Airport conducted by NDF with various stake holders,,
Mock,Eng,Eng
drill,Eng,Eng
on,Eng,Eng
adiological,Eng,Eng
emergency,Eng,Eng
at,Eng,Eng
Mumbai,Eng,Ot
Airport,Eng,Eng
conducted,Eng,Eng
by,Eng,Eng
NDF,Eng,Ot
with,Eng,Eng
various,Eng,Eng
stake,Eng,Eng
holders,Eng,Eng
And he must be having which all bogus companies funded BJP 2014 campaign jinke ghar kaanch ke ho dusro pe pathar,,
And,Hin,Eng
he,Eng,Eng
must,Eng,Eng
be,Eng,Eng
having,Eng,Eng
which,Eng,Eng
all,Eng,Eng
bogus,Eng,Eng
companies,Eng,Eng
funded,Eng,Eng
BJP,Eng,Ot
2014,O,Ot
campaign,Eng,Eng
jinke,Eng,Hin
ghar,Hin,Hin
kaanch,Hin,Hin
ke,Hin,Hin
ho,Hin,Hin
dusro,Hin,Hin
pe,Hin,Hin
pathar,Hin,Hin
was pre 1947 Any other etymology viz South Asia or whatever would be futile to dilute reduce https,,
was,Eng,Eng
pre,Eng,Eng
1947,O,Ot
Any,Eng,Eng
other,Eng,Eng
etymology,Eng,Eng
viz,Eng,Eng
South,Eng,Eng
Asia,Eng,Ot
or,Eng,Eng
whatever,Eng,Eng
would,Eng,Eng
be,Eng,Eng
futile,Eng,Eng
to,Eng,Eng
dilute,Eng,Eng
reduce,Eng,Eng
https,Eng,?
Shaurya Bari aur Prachi ko mera sneh Wishing both a very happy birthday,,
Shaurya,Hin,Ot
Bari,Hin,Ot
aur,Hin,Hin
Prachi,Hin,Ot
ko,Hin,Hin
mera,Hin,Hin
sneh,Hin,Hin
Wishing,Eng,Eng
both,Eng,Eng
a,Eng,Eng
very,Eng,Eng
happy,Hin,Eng
birthday,Hin,Eng
Why have you reduced the interest rates on savings kuch logo ke ghar chalte the usi interest se,,
Why,Eng,Eng
have,Eng,Eng
you,Eng,Eng
reduced,Eng,Eng
the,Eng,Eng
interest,Eng,Eng
rates,Eng,Eng
on,Eng,Eng
savings,Eng,Eng
kuch,Hin,Hin
logo,Hin,Hin
ke,Hin,Hin
ghar,Hin,Hin
chalte,Hin,Hin
the,Hin,Hin
usi,Hin,Hin
interest,Eng,Eng
se,Hin,Hin
Ppl uttering Bharat Mata Ki Jai may indulge in crimes and corruption but such ppl are not Desh Bhakts,,
Ppl,Eng,Eng
uttering,Eng,Eng
Bharat,Hin,Ot
Mata,Hin,Hin
Ki,Hin,Hin
Jai,Hin,Hin
may,Eng,Eng
indulge,Eng,Eng
in,Eng,Eng
crimes,Eng,Eng
and,Eng,Eng
corruption,Eng,Eng
but,Eng,Eng
such,Eng,Eng
ppl,Eng,Eng
are,Eng,Eng
not,Hin,Eng
Desh,Hin,Hin
Bhakts,Eng,Hin
Amazing work in Electrifying India by ji hank you amp Hats off via,,
Amazing,Eng,Eng
work,Eng,Eng
in,Eng,Eng
Electrifying,Eng,Eng
India,Eng,Ot
by,Eng,Eng
ji,Hin,Hin
hank,Hin,Hin
you,Eng,Eng
amp,Eng,Ot
Hats,Eng,Eng
off,Eng,Eng
via,Eng,Eng
tu zyda cute che BW star utsav mein 4th April se Kis desh k reruns again Can we request for SGP,,
tu,Hin,Hin
zyda,Eng,Hin
cute,Hin,Eng
che,Eng,Hin
BW,Eng,Mix
star,Eng,Eng
utsav,Hin,Hin
mein,Eng,Hin
4th,Eng,Ot
April,Eng,Ot
se,Hin,Hin
Kis,Hin,Hin
desh,Hin,Hin
k,Hin,Hin
reruns,Eng,Eng
again,Eng,Eng
Can,Eng,Eng
we,Eng,Eng
request,Eng,Eng
for,Eng,Eng
SGP,Eng,Ot
Indian muslims gather at Mahim Mumbai raise the Indian flag and chant Bharat Mata ki jai he true India,,
Indian,Eng,Ot
muslims,Eng,Ot
gather,Eng,Eng
at,Eng,Eng
Mahim,Eng,Ot
Mumbai,Eng,Ot
raise,Eng,Eng
the,Eng,Eng
Indian,Eng,Ot
flag,Eng,Eng
and,Eng,Eng
chant,Eng,Eng
Bharat,Hin,Ot
Mata,Hin,Hin
ki,Hin,Hin
jai,Hin,Hin
he,Hin,Eng
TRUE,Eng,Eng
India,Eng,Ot
hose who have chosen India as Bharat are committed to the constitution here is no conditionality there Nalin Kohli BJP,,
hose,Eng,Eng
who,Eng,Eng
have,Eng,Eng
chosen,Eng,Eng
India,Eng,Ot
as,Hin,Eng
Bharat,Hin,Ot
are,Eng,Eng
committed,Eng,Eng
to,Eng,Eng
the,Eng,Eng
constitution,Eng,Eng
here,Eng,Eng
is,Eng,Eng
no,Eng,Eng
conditionality,Eng,Eng
there,Eng,Eng
Nalin,Eng,Ot
Kohli,Eng,Ot
BJP,Eng,Ot
KGM GGPS amzan Kalro EO Ki Courrption Ke Baes Band 2 eachr Or Chokidar Duty Se Gaeb ecord Chokidar Ne Apne Ghar akh Dia NAB Notice Le,,
KGM,Eng,Ot
GGPS,Eng,Ot
amzan,Eng,Ot
Kalro,Hin,Ot
EO,Hin,Ot
Ki,Hin,Hin
Courrption,Hin,Eng
Ke,Hin,Hin
Baes,Eng,Hin
Band,Hin,Eng
2,O,Ot
eachr,Hin,Eng
Or,Hin,Hin
Chokidar,Hin,Hin
Duty,Hin,Eng
Se,Hin,Hin
Gaeb,Hin,Hin
ecord,Eng,Eng
Chokidar,Hin,Hin
Ne,Hin,Hin
Apne,Hin,Hin
Ghar,Hin,Hin
akh,Hin,Hin
Dia,Hin,Hin
NAB,Hin,Ot
Notice,Eng,Eng
Le,Eng,Hin
Speaking against Bharat is a rejection of the Constitution in a way Nalin Kohli BJP,,
Speaking,Eng,Eng
against,Eng,Eng
Bharat,Eng,Ot
is,Hin,Eng
a,Eng,Eng
rejection,Eng,Eng
of,Eng,Eng
the,Eng,Eng
Constitution,Eng,Eng
in,Eng,Eng
a,Eng,Eng
way,Eng,Eng
Nalin,Eng,Ot
Kohli,Eng,Ot
BJP,Eng,Ot
You Are real Hero Sir Jo openly Desh ke liye bolte ho or I m always with you Jai Hind Bharat Mata Ki Jai jai Hind,,
You,Hin,Eng
Are,Hin,Eng
real,Eng,Eng
Hero,Eng,Eng
Sir,Hin,Eng
Jo,Hin,Hin
openly,Eng,Eng
Desh,Hin,Hin
ke,Hin,Hin
liye,Hin,Hin
bolte,Hin,Hin
ho,Hin,Hin
or,Hin,Hin
I,Hin,Eng
m,Hin,Eng
always,Eng,Eng
with,Eng,Eng
you,Hin,Eng
Jai,Hin,Hin
Hind,Hin,Hin
Bharat,Hin,Ot
Mata,Hin,Hin
Ki,Hin,Hin
Jai,Hin,Hin
jai,Hin,Hin
Hind,Hin,Hin
Join Panel Discussion Utho Mere Desh Naye Bharat Ke Wastey Bhagat Singh Ambedkar Ke astey Against BJP Govt s,,
Join,Eng,Eng
Panel,Eng,Eng
Discussion,Eng,Eng
Utho,Hin,Hin
Mere,Hin,Hin
Desh,Hin,Hin
Naye,Hin,Hin
Bharat,Hin,Ot
Ke,Hin,Hin
Wastey,Hin,Hin
Bhagat,Hin,Ot
Singh,Hin,Ot
Ambedkar,Hin,Ot
Ke,Hin,Hin
astey,Eng,Hin
Against,Eng,Eng
BJP,Eng,Ot
Govt,Eng,Eng
s,Eng,Eng
Ppl uttering Bharat Mata Ki Jai may indulge in crimes and corruption but such ppl are not Desh Bhakts,,
Ppl,Eng,Eng
uttering,Eng,Eng
Bharat,Hin,Ot
Mata,Hin,Hin
Ki,Hin,Hin
Jai,Hin,Hin
may,Eng,Eng
indulge,Eng,Eng
in,Eng,Eng
crimes,Eng,Eng
and,Eng,Eng
corruption,Eng,Eng
but,Eng,Eng
such,Eng,Eng
ppl,Eng,Eng
are,Eng,Eng
not,Hin,Eng
Desh,Hin,Hin
Bhakts,Eng,Hin
Who are all watching its look like another version of kis desh Mein hai mera dill anybody have any idea,,
Who,Eng,Eng
are,Eng,Eng
all,Eng,Eng
watching,Eng,Eng
its,Eng,Eng
look,Eng,Eng
like,Eng,Eng
another,Eng,Eng
version,Eng,Eng
of,Eng,Eng
kis,Hin,Hin
desh,Hin,Hin
Mein,Hin,Hin
hai,Hin,Hin
mera,Hin,Hin
dill,Hin,Hin
anybody,Eng,Eng
have,Eng,Eng
any,Eng,Eng
idea,Eng,Eng
I felt uska reaction S ka  ke ghar par jaane par nahin tha It was directed at himself for havng hurt her,,
I,Eng,Eng
felt,Eng,Eng
uska,Eng,Hin
reaction,Eng,Eng
S,Eng,Eng
ka,Hin,Hin
ke,Hin,Hin
ghar,Hin,Hin
par,Hin,Hin
jaane,Hin,Hin
par,Hin,Hin
nahin,Hin,Hin
tha,Hin,Hin
It,Eng,Eng
was,Eng,Eng
directed,Eng,Eng
at,Eng,Eng
himself,Eng,Eng
for,Eng,Eng
havng,Eng,Eng
hurt,Eng,Eng
her,Eng,Eng
tweets Join Panel Discussion Utho Mere Desh Naye Bharat Ke Wastey Bhagat Singh Ambedkar Ke astey Against BJP Govt s https,,
tweets,Eng,Eng
Join,Eng,Eng
Panel,Eng,Eng
Discussion,Eng,Eng
Utho,Hin,Hin
Mere,Hin,Hin
Desh,Hin,Hin
Naye,Hin,Hin
Bharat,Hin,Ot
Ke,Hin,Hin
Wastey,Hin,Hin
Bhagat,Hin,Ot
Singh,Hin,Ot
Ambedkar,Hin,Ot
Ke,Hin,Hin
astey,Eng,Hin
Against,Eng,Eng
BJP,Eng,Ot
Govt,Eng,Eng
s,Eng,Eng
https,Eng,?
21 saving on energy bill is a lot are you happy with it Ache din amp raat,,
21,O,Ot
saving,Eng,Eng
on,Eng,Eng
energy,Eng,Eng
bill,Eng,Eng
is,Eng,Eng
a,Eng,Eng
lot,Eng,Eng
are,Eng,Eng
you,Eng,Eng
happy,Eng,Eng
with,Eng,Eng
it,Hin,Eng
Ache,Hin,Hin
din,Eng,Hin
amp,Eng,Ot
raat,Hin,Hin
BHAA IS AKISHI PADHAN DESH IF FAMMES AE NO AKEN CAE OFF WE WILL ALL PEISH WELL SAID SI APPECIAED,,
BHAA,Hin,Ot
IS,Hin,Hin
AKISHI,Hin,Hin
PADHAN,Hin,Hin
DESH,Hin,Hin
IF,Hin,Eng
FAMMES,Eng,Eng
AE,Hin,Eng
NO,Hin,Eng
AKEN,Hin,Eng
CAE,Hin,Eng
OFF,Hin,Eng
WE,Hin,Eng
WILL,Hin,Eng
ALL,Hin,Eng
PEISH,Hin,Eng
WELL,Eng,Eng
SAID,Eng,Eng
SI,Eng,Ot
APPECIAED,Eng,Eng
I don t understand why anybody should have a problem with Bharat Mata Ki Jai ashneek Kher,,
I,Hin,Eng
don,Hin,Eng
t,Eng,Eng
understand,Eng,Eng
why,Eng,Eng
anybody,Eng,Eng
should,Eng,Eng
have,Eng,Eng
a,Eng,Eng
problem,Eng,Eng
with,Eng,Eng
Bharat,Hin,Ot
Mata,Hin,Hin
Ki,Hin,Hin
Jai,Hin,Hin
ashneek,Hin,Ot
Kher,Hin,Ot
his mulla s fatwa is toilet paper which I just flushed So listen u ugly goats here goes Bharat Mata ki Jai https,,
his,Eng,Eng
mulla,Eng,Hin
s,Eng,Hin
fatwa,Eng,Hin
is,Eng,Eng
toilet,Eng,Eng
paper,Eng,Eng
which,Eng,Eng
I,Hin,Eng
just,Eng,Eng
flushed,Eng,Eng
So,Eng,Eng
listen,Hin,Eng
u,Hin,Eng
ugly,Eng,Eng
goats,Eng,Eng
here,Eng,Eng
goes,Eng,Eng
Bharat,Hin,Ot
Mata,Hin,Hin
ki,Hin,Hin
Jai,Eng,Hin
https,Eng,?
Delhi s Naqvi unfairly attacks in PK paper com 4 saying Bharat Mata ki jai 1 2 https,,
Delhi,Eng,Ot
s,Hin,Eng
Naqvi,Eng,Ot
unfairly,Eng,Eng
attacks,Eng,Eng
in,Eng,Eng
PK,Eng,Ot
paper,Eng,Eng
com,Eng,Eng
4,O,Ot
saying,Eng,Eng
Bharat,Hin,Ot
Mata,Hin,Hin
ki,Hin,Hin
jai,Eng,Hin
1,O,Ot
2,O,Ot
https,Eng,?
BaBa ghar par chill Karne ke liye you chutti le ahi thi plus I m done with HKV oo bored of it now,,
BaBa,Hin,Hin
ghar,Hin,Hin
par,Hin,Hin
chill,Hin,Eng
Karne,Hin,Hin
ke,Hin,Hin
liye,Hin,Hin
you,Hin,Hin
chutti,Hin,Hin
le,Hin,Hin
ahi,Hin,Hin
thi,Eng,Hin
plus,Eng,Eng
I,Hin,Hin
m,Eng,Eng
done,Eng,Eng
with,Eng,Eng
HKV,Eng,Mix
oo,Eng,Ot
bored,Eng,Eng
of,Eng,Eng
it,Eng,Eng
now,Eng,Eng
quite a story waiting for tomm does bharti haev 2 personalities really raat aur din,,
quite,Eng,Eng
a,Eng,Eng
story,Eng,Eng
waiting,Eng,Eng
for,Eng,Eng
tomm,Eng,Eng
does,Hin,Eng
bharti,Hin,Hin
haev,Eng,Eng
2,O,Ot
personalities,Eng,Eng
really,Eng,Eng
raat,Hin,Hin
aur,Hin,Hin
din,Hin,Hin
Yesterday told u Marwari bulls buying BEL Now bald Marwari group buying UBL Ghar ke company so they knows everything,,
Yesterday,Eng,Eng
told,Eng,Eng
u,Hin,Eng
Marwari,Hin,Ot
bulls,Eng,Eng
buying,Eng,Eng
BEL,Eng,Ot
Now,Eng,Eng
bald,Eng,Eng
Marwari,Eng,Ot
group,Eng,Eng
buying,Eng,Eng
UBL,Eng,Ot
Ghar,Hin,Hin
ke,Hin,Hin
company,Eng,Eng
so,Eng,Eng
they,Eng,Eng
knows,Eng,Eng
everything,Eng,Eng
Yes giriraj Singh adityanath hv instigated Hindus against Muslims ead entire story he fatwa says use Bharat desh ki jai,,
Yes,Hin,Hin
giriraj,Hin,Ot
Singh,Hin,Ot
adityanath,Hin,Ot
hv,Eng,Eng
instigated,Eng,Eng
Hindus,Eng,Ot
against,Eng,Eng
Muslims,Eng,Ot
ead,Eng,Eng
entire,Eng,Eng
story,Eng,Eng
he,Eng,Hin
fatwa,Eng,Hin
says,Eng,Eng
use,Eng,Hin
Bharat,Hin,Ot
desh,Hin,Hin
ki,Hin,Hin
jai,Hin,Hin
patel and here is some humour also to start the day d is desh mein vikas hum le ke aaye,,
patel,Eng,Ot
and,Eng,Eng
here,Eng,Eng
is,Eng,Eng
some,Eng,Eng
humour,Eng,Eng
also,Eng,Eng
to,Eng,Eng
start,Eng,Eng
the,Eng,Eng
day,Eng,Eng
d,Eng,Eng
is,Hin,Hin
desh,Hin,Hin
mein,Hin,Hin
vikas,Hin,Ot
hum,Hin,Hin
le,Hin,Hin
ke,Hin,Hin
aaye,Hin,Hin
niti2003 he smell of soil with the first rain mitti ki khushboo,,
niti2003,Eng,Mix
he,Eng,Eng
smell,Eng,Eng
of,Eng,Eng
soil,Eng,Eng
with,Eng,Eng
the,Eng,Eng
first,Eng,Eng
rain,Hin,Hin
mitti,Hin,Hin
ki,Hin,Hin
khushboo,Hin,Hin
bhushan he crusador of prosperous developed India hank you,,
bhushan,Hin,Ot
he,Eng,Eng
crusador,Eng,Eng
of,Eng,Eng
prosperous,Eng,Eng
developed,Eng,Eng
India,Eng,Ot
hank,Eng,Eng
you,Hin,Eng
Have you heard Ab Mujhe aat Din by Ishaque Shaikh on,,
Have,Eng,Eng
you,Eng,Eng
heard,Eng,Eng
Ab,Hin,Hin
Mujhe,Hin,Hin
aat,Hin,Hin
Din,Hin,Hin
by,Eng,Eng
Ishaque,Eng,Ot
Shaikh,Eng,Ot
on,Eng,Eng
Sir We respect rashtra and desh as mother mata And can say Bharat mata It make sense,,
Sir,Eng,Eng
We,Eng,Eng
respect,Eng,Eng
rashtra,Eng,Hin
and,Eng,Eng
desh,Eng,Hin
as,Eng,Eng
mother,Eng,Eng
mata,Hin,Hin
And,Eng,Eng
can,Eng,Eng
say,Hin,Eng
Bharat,Hin,Ot
mata,Hin,Hin
It,Hin,Eng
make,Eng,Eng
sense,Eng,Eng
By all means respect rashtra and desh Why as mother mata You say mera Bharat and not meri Bharat,,
By,Eng,Eng
all,Eng,Eng
means,Eng,Eng
respect,Eng,Eng
rashtra,Eng,Hin
and,Eng,Eng
desh,Hin,Hin
Why,Eng,Eng
as,Eng,Eng
mother,Eng,Eng
mata,Hin,Hin
You,Hin,Eng
say,Hin,Eng
mera,Hin,Hin
Bharat,Hin,Ot
and,Eng,Eng
not,Eng,Eng
meri,Hin,Hin
Bharat,Hin,Ot
By all means respect rashtra and desh Why as mother mata You say mera Bharat and not meri Bharat,,
By,Eng,Eng
all,Eng,Eng
means,Eng,Eng
respect,Eng,Eng
rashtra,Eng,Hin
and,Eng,Eng
desh,Hin,Hin
Why,Eng,Eng
as,Eng,Eng
mother,Eng,Eng
mata,Hin,Hin
You,Hin,Eng
say,Hin,Eng
mera,Hin,Hin
Bharat,Hin,Ot
and,Eng,Eng
not,Eng,Eng
meri,Hin,Hin
Bharat,Hin,Ot
Sir ashtra and desh is our jannani mother who cares us as mata So we should say Bharat mata ki jai,,
Sir,Hin,Hin
ashtra,Eng,Hin
and,Eng,Eng
desh,Eng,Hin
is,Eng,Eng
our,Eng,Eng
jannani,Hin,Hin
mother,Eng,Eng
who,Eng,Eng
cares,Eng,Eng
us,Eng,Eng
as,Eng,Eng
mata,Hin,Hin
So,Hin,Eng
we,Eng,Eng
should,Eng,Eng
say,Eng,Eng
Bharat,Hin,Ot
mata,Hin,Hin
ki,Hin,Hin
jai,Hin,Hin
bhushan he crusador of prosperous developed India hank you,,
bhushan,Hin,Ot
he,Eng,Eng
crusador,Eng,Eng
of,Eng,Eng
prosperous,Eng,Eng
developed,Eng,Eng
India,Eng,Ot
hank,Eng,Eng
you,Hin,Eng
sir my favreaite politition leader in india Sir nice thorght for nation Bharat desh ke liye,,
sir,Hin,Eng
my,Hin,Eng
favreaite,Eng,Eng
politition,Eng,Eng
leader,Eng,Eng
in,Hin,Hin
india,Hin,Ot
Sir,Eng,Eng
nice,Eng,Eng
thorght,Eng,Eng
for,Eng,Eng
nation,Eng,Eng
Bharat,Hin,Ot
desh,Hin,Hin
ke,Hin,Hin
liye,Hin,Hin
wat do u mean by progressive Bharat ere ukde Honge Inshaallah Inshaallah Being ungrateful 2 ur own motherland,,
wat,Hin,Eng
do,Hin,Eng
u,Hin,Eng
mean,Eng,Eng
by,Eng,Eng
progressive,Eng,Eng
Bharat,Hin,Ot
ere,Hin,Hin
ukde,Hin,Hin
Honge,Hin,Hin
Inshaallah,Hin,Hin
Inshaallah,Hin,Hin
Being,Eng,Eng
ungrateful,Eng,Eng
2,O,Ot
ur,Eng,Eng
own,Eng,Eng
motherland,Eng,Eng
Also Mama ke Ghar jana in summer vacations,,
Also,Eng,Eng
Mama,Eng,Hin
ke,Hin,Hin
Ghar,Hin,Hin
jana,Hin,Hin
in,Eng,Eng
summer,Eng,Eng
vacations,Eng,Eng
Join Panel Discussion Utho Mere Desh Naye Bharat Ke Wastey Bhagat Singh Ambedkar Ke astey Against BJP,,
Join,Eng,Eng
Panel,Eng,Eng
Discussion,Eng,Eng
Utho,Hin,Hin
Mere,Hin,Hin
Desh,Hin,Hin
Naye,Hin,Hin
Bharat,Hin,Ot
Ke,Hin,Hin
Wastey,Hin,Hin
Bhagat,Hin,Ot
Singh,Hin,Ot
Ambedkar,Hin,Ot
Ke,Hin,Hin
astey,Eng,Hin
Against,Eng,Eng
BJP,Eng,Ot
Ghar ke bhedi dhaye this is job of for which even d God s don t forgive them entire family will bewipedout,,
Ghar,Hin,Hin
ke,Hin,Hin
bhedi,Hin,Hin
dhaye,Hin,Hin
this,Eng,Eng
is,Eng,Eng
job,Eng,Eng
of,Eng,Eng
for,Eng,Eng
which,Eng,Eng
even,Eng,Eng
d,Eng,Eng
God,Eng,Eng
s,Eng,Eng
don,Eng,Eng
t,Eng,Eng
forgive,Eng,Eng
them,Eng,Eng
entire,Eng,Eng
family,Eng,Eng
will,Eng,Eng
bewipedout,Eng,Eng
Join Panel Discussion Utho Mere Desh Naye Bharat Ke Wastey Bhagat Singh Ambedkar Ke astey Against BJP,,
Join,Eng,Eng
Panel,Eng,Eng
Discussion,Eng,Eng
Utho,Hin,Hin
Mere,Hin,Hin
Desh,Hin,Hin
Naye,Hin,Hin
Bharat,Hin,Ot
Ke,Hin,Hin
Wastey,Hin,Hin
Bhagat,Hin,Ot
Singh,Hin,Ot
Ambedkar,Hin,Ot
Ke,Hin,Hin
astey,Eng,Hin
Against,Eng,Eng
BJP,Eng,Ot
exactly nijer business a raat din khatleo gaye lage na,,
exactly,Eng,Eng
nijer,Eng,Ot
business,Eng,Eng
a,Eng,Eng
raat,Hin,Hin
din,Hin,Hin
khatleo,Hin,Hin
gaye,Hin,Hin
lage,Hin,Hin
na,Hin,Hin
Now has a crush on My fellow Pakistanis iss beghairat ke ghar se WiFi nikaldo,,
Now,Eng,Eng
has,Eng,Eng
a,Eng,Eng
crush,Eng,Eng
on,Eng,Eng
My,Eng,Eng
fellow,Eng,Eng
Pakistanis,Eng,Ot
iss,Hin,Hin
beghairat,Hin,Hin
ke,Hin,Hin
ghar,Hin,Hin
se,Hin,Hin
WiFi,Eng,Eng
nikaldo,Eng,Hin
2015 BES YEA EVE for investments in https,,
2015,O,Ot
BES,Hin,Eng
YEA,Hin,Eng
EVE,Hin,Eng
for,Eng,Eng
investments,Eng,Eng
in,Eng,Eng
https,Eng,?
sodhi https,,
sodhi,Eng,Hin
https,Eng,?
We know Sikhs are not AntiNationals We respect their Desh Bhakti equesting you not to start any more issues thnx,,
We,Eng,Eng
know,Eng,Eng
Sikhs,Eng,Ot
are,Eng,Eng
not,Eng,Eng
AntiNationals,Eng,Mix
We,Eng,Eng
respect,Eng,Eng
their,Eng,Eng
Desh,Hin,Hin
Bhakti,Hin,Hin
equesting,Eng,Eng
you,Eng,Eng
not,Eng,Eng
to,Eng,Eng
start,Eng,Eng
any,Eng,Eng
more,Eng,Eng
issues,Eng,Eng
thnx,Eng,Eng
Washer SS cadres were out in large numbers killing Sikhs to avenge death of bharat ki beti,,
Washer,Eng,Eng
SS,Eng,Ot
cadres,Eng,Eng
were,Eng,Eng
out,Eng,Eng
in,Eng,Eng
large,Eng,Eng
numbers,Eng,Eng
killing,Eng,Eng
Sikhs,Eng,Ot
to,Eng,Eng
avenge,Eng,Eng
death,Eng,Eng
of,Eng,Eng
bharat,Hin,Ot
ki,Hin,Hin
beti,Hin,Hin
ShraddhaK Di I wish aapke fans din doguni raat chaugoni speed mei increase ho our heart beat,,
ShraddhaK,Hin,Ot
Di,Hin,Hin
I,Hin,Eng
wish,Hin,Eng
aapke,Hin,Hin
fans,Hin,Eng
din,Hin,Hin
doguni,Hin,Hin
raat,Hin,Hin
chaugoni,Hin,Hin
speed,Eng,Eng
mei,Eng,Hin
increase,Eng,Eng
ho,Eng,Hin
our,Eng,Hin
heart,Eng,Eng
beat,Hin,Eng
I love meridian ki ice cream otherwise which is at camp ghar ke pass there is nothing good or else I would have too,,
I,Hin,Eng
love,Hin,Eng
meridian,Eng,Ot
ki,Hin,Hin
ice,Hin,Eng
cream,Eng,Eng
otherwise,Eng,Eng
which,Eng,Eng
is,Eng,Eng
at,Eng,Eng
camp,Eng,Eng
ghar,Hin,Hin
ke,Hin,Hin
pass,Hin,Hin
there,Eng,Eng
is,Eng,Eng
nothing,Eng,Eng
good,Eng,Eng
or,Eng,Eng
else,Eng,Eng
I,Eng,Eng
would,Eng,Eng
have,Eng,Eng
too,Hin,Hin
ight We all will be Na ghar ke na ghaat ke,,
ight,Hin,Hin
We,Hin,Eng
all,Eng,Eng
will,Eng,Eng
be,Hin,Eng
Na,Hin,Hin
ghar,Hin,Hin
ke,Hin,Hin
na,Hin,Hin
ghaat,Hin,Hin
ke,Hin,Hin
haha Desh Bhar Mein Shor hai aOWl KEJI PAGAL hai Opposition parties r actually as clueless as people bcoz of,,
haha,Hin,Ot
Desh,Hin,Hin
Bhar,Hin,Hin
Mein,Hin,Hin
Shor,Hin,Hin
hai,Hin,Hin
aOWl,Hin,Mix
KEJI,Hin,Ot
PAGAL,Hin,Hin
hai,Hin,Hin
Opposition,Hin,Eng
parties,Eng,Eng
r,Eng,Eng
actually,Eng,Eng
as,Eng,Eng
clueless,Eng,Eng
as,Eng,Eng
people,Eng,Eng
bcoz,Eng,Eng
of,Eng,Eng
why are they saving wkts mamu ke ghar le ke jani hain,,
why,Eng,Eng
are,Eng,Eng
they,Eng,Eng
saving,Eng,Eng
wkts,Hin,Eng
mamu,Hin,Hin
ke,Hin,Hin
ghar,Hin,Hin
le,Hin,Hin
ke,Hin,Hin
jani,Hin,Hin
hain,Hin,Hin
Will never learn from their mistakes Ab wkts bacha ke ghar lejana acha,,
Will,Eng,Eng
never,Eng,Eng
learn,Eng,Eng
from,Eng,Eng
their,Eng,Eng
mistakes,Eng,Eng
Ab,Hin,Hin
wkts,Eng,Eng
bacha,Hin,Hin
ke,Hin,Hin
ghar,Hin,Hin
lejana,Hin,Hin
acha,Hin,Hin
u calling for Yuvraj If he doesn t heed call Yugpurush Woh to AAP ke ghar ka hai,,
u,Hin,Eng
calling,Eng,Eng
for,Eng,Eng
Yuvraj,Eng,Ot
If,Eng,Eng
he,Eng,Eng
doesn,Hin,Eng
t,Eng,Eng
heed,Eng,Eng
call,Eng,Eng
Yugpurush,Hin,Hin
Woh,Hin,Hin
to,Hin,Hin
AAP,Hin,Hin
ke,Hin,Hin
ghar,Hin,Hin
ka,Hin,Hin
hai,Hin,Hin
hapki Ke Ghar Holi Celebrations From the sets of hapki Pyar Ki,,
hapki,Hin,Ot
Ke,Hin,Hin
Ghar,Hin,Hin
Holi,Hin,Eng
Celebrations,Eng,Eng
From,Eng,Eng
the,Eng,Eng
sets,Eng,Eng
of,Eng,Eng
hapki,Hin,Ot
Pyar,Hin,Hin
Ki,Hin,Hin
hahahaha aap Ghar ke Bahir galian deti ho Kya Cmon i admit I m being rude and harsh you look sensible you should understand it,,
hahahaha,Hin,Ot
aap,Hin,Hin
Ghar,Hin,Hin
ke,Hin,Hin
Bahir,Hin,Hin
galian,Hin,Hin
deti,Hin,Hin
ho,Hin,Hin
Kya,Hin,Hin
Cmon,Hin,Eng
i,Eng,Eng
admit,Eng,Eng
I,Hin,Eng
m,Eng,Eng
being,Eng,Eng
rude,Eng,Eng
and,Eng,Eng
harsh,Eng,Eng
you,Eng,Eng
look,Eng,Eng
sensible,Eng,Eng
you,Eng,Eng
should,Eng,Eng
understand,Eng,Eng
it,Eng,Eng
um Agr ChAnd H0 t0 mAin Us k r0shNi hUn tUm Agr Ph0ol Ho tU mAin Us k khUshBoo hUn tUm Agr pAgal Ho o s0rry mAin theEk hun,,
um,Hin,Hin
Agr,Hin,Hin
ChAnd,Hin,Hin
H0,Eng,Hin
t0,Eng,Hin
mAin,Hin,Hin
Us,Hin,Hin
k,Hin,Hin
r0shNi,Hin,Ot
hUn,Hin,Hin
tUm,Hin,Hin
Agr,Hin,Hin
Ph0ol,Hin,Hin
Ho,Hin,Hin
tU,Hin,Hin
mAin,Hin,Hin
Us,Hin,Hin
k,Hin,Hin
khUshBoo,Hin,Hin
hUn,Hin,Hin
tUm,Hin,Hin
Agr,Hin,Hin
pAgal,Hin,Hin
Ho,Hin,Hin
o,Eng,Hin
s0rry,Hin,Eng
mAin,Hin,Hin
theEk,Hin,Hin
hun,Hin,Hin
Any plan to seal and secure the borders Ghar ke darwazy khuly hongy toh buray log toh ayengy bar bar,,
Any,Eng,Eng
plan,Eng,Eng
to,Eng,Eng
seal,Eng,Eng
and,Eng,Eng
secure,Eng,Eng
the,Eng,Eng
borders,Eng,Eng
Ghar,Hin,Hin
ke,Hin,Hin
darwazy,Hin,Hin
khuly,Hin,Hin
hongy,Eng,Hin
toh,Hin,Hin
buray,Hin,Hin
log,Hin,Hin
toh,Hin,Hin
ayengy,Eng,Hin
bar,Hin,Hin
bar,Hin,Hin
Eww Party hai ghar ke bagal mein and dj is not letting anyone sleep bc of the full volume Complain kardoon,,
Eww,Hin,Ot
Party,Hin,Eng
hai,Hin,Hin
ghar,Hin,Hin
ke,Hin,Hin
bagal,Hin,Hin
mein,Hin,Hin
and,Hin,Hin
dj,Hin,Eng
is,Eng,Eng
not,Eng,Eng
letting,Eng,Eng
anyone,Eng,Eng
sleep,Eng,Eng
bc,Eng,Hin
of,Eng,Eng
the,Eng,Eng
full,Eng,Eng
volume,Hin,Eng
Complain,Hin,Eng
kardoon,Hin,Hin
