Din main pizza aat main chicken rolls Mojien hogaii ye toooo,,
Din,Hin,Hin
main,Hin,Hin
pizza,Hin,Eng
aat,Hin,Hin
main,Hin,Hin
chicken,Eng,Eng
rolls,Eng,Eng
Mojien,Hin,Hin
hogaii,Hin,Hin
ye,Hin,Hin
toooo,Hin,Hin
Dreamers dvn hahhahH 1sec ke liye toh I thought that only tum bhi hamare Jaise he ghar mein sapne wali category I think,,
Dreamers,Eng,O
dvn,Hin,O
hahhahH,Hin,O
1sec,Eng,Eng
ke,Hin,Hin
liye,Hin,Hin
toh,Hin,Hin
I,Hin,Eng
thought,Eng,Eng
that,Eng,Eng
only,Eng,Eng
tum,Hin,Hin
bhi,Hin,Hin
hamare,Hin,Hin
Jaise,Hin,Hin
he,Hin,Hin
ghar,Hin,Hin
mein,Hin,Hin
sapne,Hin,Hin
wali,Eng,Hin
category,Eng,Eng
I,Eng,Eng
think,Eng,Eng
Mere bhi din aa gaye ailway platform pe raat bitane ke,,
Mere,Hin,Hin
bhi,Hin,Hin
din,Hin,Hin
aa,Hin,Hin
gaye,Hin,Hin
ailway,Eng,Eng
platform,Eng,Eng
pe,Eng,HIn
raat,Hin,Hin
bitane,Hin,Hin
ke,Hin,Hin
I think it is too early to pridict about uttArakhand politics Jinke ghar sheesh ke haun woh doosre ghar pathar nahi fainkhte,,
I,Eng,Eng
think,Eng,Eng
it,Eng,Eng
is,Eng,Eng
too,Eng,Eng
early,Eng,Eng
to,Eng,Eng
pridict,Eng,Eng
about,Eng,Eng
uttArakhand,Hin,ot
politics,Hin,Hin
Jinke,Hin,Hin
ghar,Hin,Hin
sheesh,Hin,Hin
ke,Hin,Hin
haun,Hin,Hin
woh,Hin,Hin
doosre,Hin,Hin
ghar,Hin,Hin
pathar,Hin,Hin
nahi,Hin,Hin
fainkhte,Hin,Hin
WFFF QANDEEL BALOCH KE GHA WAALAY KAHAAN HAIN WHEE AE HE PAENS,,
WFFF,Eng,ot
QANDEEL,Hin,ot
BALOCH,Hin,ot
KE,Hin,Hin
GHA,Hin,Hin
WAALAY,Hin,Hin
KAHAAN,Hin,Hin
HAIN,Hin,Hin
WHEE,Hin,Hin
AE,Hin,Hin
HE,Eng,Eng
PAENS,Eng,Eng
Colorsv its like kis desh mein hai meraa dil the story till now its not that much,,
Colorsv,Eng,Eng
its,Eng,Eng
like,Eng,Eng
kis,Hin,Hin
desh,Hin,Hin
mein,Hin,Hin
hai,Hin,Hin
meraa,Hin,Hin
dil,Hin,Hin
the,Hin,Hin
story,Eng,Eng
till,Eng,Eng
now,Eng,Eng
its,Eng,Eng
not,Eng,Eng
that,Eng,Eng
much,Eng,Eng
ki ranii g g bilkul wastage of time experienced alot 2 din kichadni phr andheri raat,,
ki,Hin,Hin
ranii,Hin,Hin
g,Hin,Hin
g,Hin,Hin
bilkul,Hin,Hin
wastage,Hin,Hin
of,Eng,Eng
time,Eng,Eng
experienced,Eng,Eng
alot,Eng,Eng
2,O,O
din,Hin,Hin
kichadni,Hin,Hin
phr,Hin,Hin
andheri,Hin,Hin
raat,Hin,Hin
Mother amp Motherland are greater than Paradise Let us all Indians b proud in saying one voice Bharat Mata Ki Jai Victory,,
Mother,Eng,Eng
amp,Eng,Ot
Motherland,Eng,Eng
are,Eng,Eng
greater,Eng,Eng
than,Eng,Eng
Paradise,Hin,Eng
Let,Hin,Eng
us,Eng,Eng
all,Eng,Eng
Indians,Eng,Ot
b,Eng,Eng
proud,Eng,Eng
in,Eng,Eng
saying,Eng,Eng
one,Eng,Eng
voice,Eng,Eng
Bharat,Hin,Ot
Mata,Hin,Hin
Ki,Hin,Hin
Jai,Hin,Hin
Victory,Hin,Eng
Must hear bursting the farce of Bharat ki Barbaadi Gang at hose out on bail cann,,
Must,Eng,Eng
hear,Eng,Eng
bursting,Eng,Eng
the,Eng,Eng
farce,Eng,Eng
of,Eng,Eng
Bharat,Hin,Ot
ki,Hin,Hin
Barbaadi,Hin,Hin
Gang,Hin,Eng
at,Eng,Eng
hose,Eng,Eng
out,Eng,Eng
on,Eng,Eng
bail,Eng,Eng
cann,Eng,Eng
this serial is a copy of starplus kis desh mein hai mera dil whats new in this serial,,
this,Eng,Eng
serial,Eng,Eng
is,Eng,Eng
a,Eng,Eng
copy,Eng,Eng
of,Eng,Eng
starplus,Eng,Eng
kis,Hin,Hin
desh,Hin,Hin
mein,Hin,Hin
hai,Hin,Hin
mera,Hin,Hin
dil,Hin,Hin
whats,Eng,Eng
new,Eng,Eng
in,Eng,Eng
this,Eng,Eng
serial,Eng,Eng
eal Desh Bhakti is to love a particular part of Bharat mata and hate a major remains,,
eal,Hin,Hin
Desh,Hin,Hin
Bhakti,Hin,Hin
is,Eng,Eng
to,Eng,Eng
love,Eng,Eng
a,Eng,Eng
particular,Eng,Eng
part,Eng,Eng
of,Eng,Eng
Bharat,Hin,Ot
mata,Hin,Hin
and,Hin,Eng
hate,Eng,Eng
a,Eng,Eng
major,Eng,Eng
remains,Eng,Eng
eal Desh Bhakti is to love a particular part of Bharat mata and hate a major remains https,,
eal,Hin,Hin
Desh,Hin,Hin
Bhakti,Hin,Hin
is,Eng,Eng
to,Eng,Eng
love,Eng,Eng
a,Eng,Eng
particular,Eng,Eng
part,Eng,Eng
of,Eng,Eng
Bharat,Hin,ot
mata,Hin,Hin
and,Hin,Eng
hate,Eng,Eng
a,Eng,Eng
major,Eng,Eng
remains,Eng,Eng
https,Eng,?
think there were many btw we did not think them as traitors How do you differentiate Bharat mata Jai hind etc Desh prem 1 2,,
think,Eng,Eng
there,Eng,Eng
were,Eng,Eng
many,Eng,Eng
btw,Eng,Eng
we,Eng,Eng
did,Eng,Eng
not,Eng,Eng
think,Eng,Eng
them,Eng,Eng
as,Eng,Eng
traitors,Eng,Eng
How,Eng,Eng
do,Hin,Eng
you,Eng,Eng
differentiate,Eng,Eng
Bharat,Eng,Ot
mata,Hin,Hin
Jai,Hin,Hin
hind,Eng,Eng
etc,Eng,Eng
Desh,Hin,Hin
prem,Hin,Hin
1,O,O
2,O,O
ye funny face dhoop me acting kr ke din raat mehnat karke bar bar camere k samne cut shoot krke uske baad bna h,,
ye,Hin,Hin
funny,Eng,Hin
face,Eng,Eng
dhoop,Hin,Eng
me,Hin,Hin
acting,Eng,Hin
kr,Hin,Hin
ke,Hin,Hin
din,Hin,Hin
raat,Hin,Hin
mehnat,Hin,Hin
karke,Hin,Hin
bar,Hin,Hin
bar,Eng,Hin
camere,Eng,Eng
k,Hin,Hin
samne,Hin,Hin
cut,Eng,Eng
shoot,Eng,Eng
krke,Hin,Hin
uske,Hin,Hin
baad,Hin,Hin
bna,Hin,Hin
h,Eng,Hin
madam ne in terriorsts ko ghar pe dinner ke liye bulaya hai photo session n interview vahi pe hoga Lol,,
madam,Hin,Hin
ne,Hin,Hin
in,Eng,Hin
terriorsts,Eng,Eng
ko,Eng,Hin
ghar,Hin,Hin
pe,Hin,Hin
dinner,Eng,Eng
ke,Hin,Hin
liye,Hin,Hin
bulaya,Hin,Hin
hai,Hin,Hin
photo,Hin,Eng
session,Eng,Eng
n,Eng,Eng
interview,Eng,Eng
vahi,Hin,Hin
pe,Hin,Hin
hoga,Hin,Hin
Lol,Hin,Eng
What does he GAIN No Sons Family NOHING ONLY Lives Breathes ONLY for,,
What,Eng,Eng
does,Eng,Eng
he,Hin,Eng
GAIN,Hin,Eng
No,Hin,Eng
Sons,Eng,Eng
Family,Eng,Eng
NOHING,Eng,Eng
ONLY,Eng,Eng
Lives,Eng,Eng
Breathes,Eng,Eng
ONLY,Hin,Hin
for,Eng,Eng
Nice and very kind information about Bharat Mata kro ye ladna bs Hindu Muslim apne arike se Desh ki jai bolo,,
Nice,Eng,Eng
and,Eng,Eng
very,Eng,Eng
kind,Eng,Eng
information,Eng,Eng
about,Eng,Eng
Bharat,Hin,O
Mata,Hin,Hin
kro,Hin,Hin
ye,Hin,Hin
ladna,Hin,Hin
bs,Hin,Hin
Hindu,Hin,O
Muslim,Hin,O
apne,Hin,Hin
arike,Hin,Hin
se,Hin,Hin
Desh,Hin,Hin
ki,Hin,Hin
jai,Hin,Hin
bolo,Hin,Hin
what is problem with bharat desh ki jay or jai hind Why are you appose to Islam teachings If bharat is mother where is father,,
what,Eng,Eng
is,Eng,Eng
problem,Eng,Eng
with,Eng,Eng
bharat,Hin,O
desh,Hin,Hin
ki,Hin,Hin
jay,Hin,Hin
or,Hin,Eng
jai,Hin,Hin
hind,Hin,Hin
Why,Eng,Eng
are,Eng,Eng
you,Eng,Eng
appose,Eng,Eng
to,Eng,Eng
Islam,Eng,O
teachings,Eng,Eng
If,Hin,Eng
bharat,Hin,O
is,Eng,Eng
mother,Eng,Eng
where,Eng,Eng
is,Eng,Eng
father,Eng,Eng
UoW Ghar ke bulbs need to be changed Some taps are leaking And so on,,
UoW,Hin,O
Ghar,Hin,Hin
ke,Hin,Hin
bulbs,Eng,Eng
need,Eng,Eng
to,Eng,Eng
be,Eng,Eng
changed,Eng,Eng
Some,Eng,Eng
taps,Eng,Eng
are,Eng,Eng
leaking,Eng,Eng
And,Eng,Eng
so,Eng,Eng
on,Eng,Eng
Subscribe Us On Youube For More News,,
Subscribe,Eng,Eng
Us,Eng,Eng
On,Hin,Eng
Youube,Hin,Eng
For,Eng,Eng
More,Eng,Eng
News,Eng,Eng
kya ho gaya hai desh ko humour mein bhi politics dhoondh rahey hain BW u shd be complimentd 4 making ppl believe ur fiction,,
kya,Hin,Hin
ho,Hin,Hin
gaya,Hin,Hin
hai,Hin,Hin
desh,Hin,Hin
ko,Hin,Hin
humour,Hin,Eng
mein,Hin,Hin
bhi,Hin,Eng
politics,Hin,Hin
dhoondh,Hin,Hin
rahey,Hin,Hin
hain,Hin,Hin
BW,Eng,Eng
u,Eng,Eng
shd,Eng,Eng
be,Eng,Eng
complimentd,Eng,Eng
4,O,O
making,Eng,Eng
ppl,Eng,Eng
believe,Hin,Eng
ur,Eng,Eng
fiction,Eng,Eng
Congress party ko desh se nikaalo Ye soch humaare dil mein hai he bestest rap I have ever heard,,
Congress,Eng,O
party,Hin,O
ko,Hin,Hin
desh,Hin,Hin
se,Hin,Hin
nikaalo,Hin,Hin
Ye,Hin,Hin
soch,Hin,Hin
humaare,Hin,Hin
dil,Hin,Hin
mein,Hin,Hin
hai,Hin,Hin
he,Eng,Eng
bestest,Eng,Eng
rap,Eng,Eng
I,Hin,Eng
have,Eng,Eng
ever,Eng,Eng
heard,Eng,Eng
Congress to think dumping one family and promote mass leaders for survival,,
Congress,Eng,O
to,Eng,Eng
think,Eng,Eng
dumping,Eng,Eng
one,Eng,Eng
family,Eng,Eng
and,Eng,Eng
promote,Eng,Eng
mass,Eng,Eng
leaders,Eng,Eng
for,Eng,Eng
survival,Eng,Eng
maa ke ghar hai Mil s too But these new houses,,
maa,Hin,Hin
ke,Hin,Hin
ghar,Hin,Hin
hai,Hin,Hin
Mil,Hin,Hin
s,Eng,Eng
too,Hin,Eng
But,Hin,Eng
these,Eng,Eng
new,Eng,Eng
houses,Eng,Eng
ravi quite like it,,
ravi,Eng,O
quite,Eng,Eng
like,Eng,Eng
it,Eng,Eng
Bharat k tudke karo Desh me azaadi chahye is this not that barbadi thing Everybody giving useless hype to,,
Bharat,Hin,O
k,Hin,Hin
tudke,Hin,Hin
karo,Hin,Hin
Desh,Hin,Hin
me,Hin,Hin
azaadi,Hin,Hin
chahye,Hin,Hin
is,Eng,Eng
this,Eng,Eng
not,Eng,Eng
that,Eng,Eng
barbadi,Hin,Hin
thing,Hin,Eng
Everybody,Eng,Eng
giving,Eng,Eng
useless,Eng,Eng
hype,Eng,Eng
to,Eng,Eng
Same to you Jinke ghar shishe ke hote hai wo dusro ke ghar par pathhar nahi marte also Bjp doesn t need ur certificate,,
Same,Hin,Eng
to,Eng,Eng
you,Hin,Eng
Jinke,Hin,Hin
ghar,Hin,Hin
shishe,Hin,Hin
ke,Hin,Hin
hote,Hin,Hin
hai,Hin,Hin
wo,Hin,Hin
dusro,Hin,Hin
ke,Hin,Hin
ghar,Hin,Hin
par,Hin,Hin
pathhar,Hin,Hin
nahi,Hin,Hin
marte,Hin,Hin
also,Eng,Eng
Bjp,Eng,O
doesn,Hin,Eng
t,Eng,Eng
need,Hin,Eng
ur,Eng,Eng
certificate,Eng,Eng
Sir I see Future Primeminister in you Honest impartial Desh bakht Intolerable about Bharat Mata Bharat Mata ki Jai,,
Sir,Hin,Eng
I,Eng,Eng
see,Eng,Eng
Future,Eng,Eng
Primeminister,Eng,Eng
in,Eng,Eng
you,Eng,Eng
Honest,Eng,Eng
impartial,Eng,Eng
Desh,Eng,Hin
bakht,Hin,Hin
Intolerable,Eng,Eng
about,Eng,Eng
Bharat,Hin,O
Mata,Hin,Hin
Bharat,Hin,O
Mata,Hin,Hin
ki,Hin,Hin
Jai,Hin,Hin
Kerala amp Mysore HinduBJP workers don t know if they were Dalits murdered No Cry is desh mein Cong uled state mein ghoda hona better hai,,
Kerala,Hin,O
amp,Eng,O
Mysore,Eng,O
HinduBJP,Eng,O
workers,Eng,Eng
don,Eng,Eng
t,Hin,Eng
know,Eng,Eng
if,Eng,Eng
they,Eng,Eng
were,Eng,Eng
Dalits,Eng,O
murdered,Eng,Eng
No,Eng,Eng
Cry,Hin,Eng
is,Hin,Eng
desh,Hin,Hin
mein,Hin,Hin
Cong,Eng,O
uled,Eng,Eng
state,Eng,Eng
mein,Hin,Hin
ghoda,Hin,Hin
hona,Hin,Hin
better,Hin,Hin
hai,Hin,Hin
A colleague s mom is in town amp after ages having Ghar ke ajma Chawal It s fun Stealing somebody s lunchbox Feels like we re back to school,,
A,Eng,Eng
colleague,Eng,Eng
s,Eng,Eng
mom,Eng,Eng
is,Eng,Eng
in,Eng,Eng
town,Eng,Eng
amp,Eng,O
after,Eng,Eng
ages,Eng,Eng
having,Eng,Eng
Ghar,Hin,Hin
ke,Hin,Hin
ajma,Hin,Hin
Chawal,Hin,Hin
It,Hin,Eng
s,Eng,Eng
fun,Hin,Eng
Stealing,Eng,Eng
somebody,Eng,Eng
s,Eng,Eng
lunchbox,Eng,Eng
Feels,Eng,Eng
like,Eng,Eng
we,Eng,Eng
re,Eng,Eng
back,Eng,Eng
to,Eng,Eng
school,Eng,Eng
Seriously ere ghar se 1 km ke distance pe W0W hen u must not miss it Don t just buy a ticket send a Drone,,
Seriously,Eng,Eng
ere,Eng,Hin
ghar,Hin,Hin
se,Hin,Hin
1,O,O
km,Eng,Eng
ke,Hin,Hin
distance,Eng,Eng
pe,Eng,Hin
W0W,Eng,Hin
hen,Eng,Hin
u,Eng,Eng
must,Eng,Eng
not,Eng,Eng
miss,Eng,Eng
it,Eng,Eng
Don,Hin,Eng
t,Eng,Eng
just,Eng,Eng
buy,Eng,Eng
a,Eng,Eng
ticket,Eng,Eng
send,Eng,Eng
a,Eng,Eng
Drone,Eng,Eng
he ones who were shouting Bharat ki barbadi are citing eg of Bhagat Singh and talking about mera desh,,
he,Eng,Eng
ones,Eng,Eng
who,Eng,Eng
were,Eng,Eng
shouting,Eng,Eng
Bharat,Hin,O
ki,Hin,Hin
barbadi,Hin,Hin
are,Eng,Eng
citing,Eng,Eng
eg,Eng,Eng
of,Eng,Eng
Bhagat,Eng,O
Singh,Hin,O
and,Eng,Eng
talking,Eng,Eng
about,Eng,Eng
mera,Hin,Hin
desh,Hin,Hin
this is what called laut ke buddhu ghar ko aaye Don t go back shilpa Let them suffer the loss,,
this,Eng,Eng
is,Eng,Eng
what,Eng,Eng
called,Eng,Eng
laut,Hin,Hin
ke,Hin,Hin
buddhu,Hin,Hin
ghar,Hin,Hin
ko,Hin,Hin
aaye,Hin,Hin
Don,Hin,Eng
t,Hin,Eng
go,Eng,Eng
back,Eng,Eng
shilpa,Hin,O
Let,Hin,Hin
them,Eng,Eng
suffer,Eng,Eng
the,Eng,Eng
loss,Eng,Eng
Listening to Chuke chupke raat din aansoo bahana yaad hai and can t stop missing dad He sings this song the best after Ghulam Ali,,
Listening,Eng,Eng
to,Eng,Eng
Chuke,Hin,Hin
chupke,Hin,Hin
raat,Hin,Hin
din,Hin,Hin
aansoo,Hin,Hin
bahana,Hin,Hin
yaad,Hin,Hin
hai,Hin,Hin
and,Eng,Eng
can,Eng,Eng
t,Eng,Eng
stop,Eng,Eng
missing,Eng,Eng
dad,Hin,Eng
He,Hin,Eng
sings,Eng,Eng
this,Eng,Eng
song,Eng,Eng
the,Eng,Eng
best,Eng,Eng
after,Eng,Eng
Ghulam,Eng,O
Ali,Hin,O
No Indian National Flag In hand of Bharat mata in SS why amp what kind of Desh bhakti it is,,
No,Eng,Eng
Indian,Eng,Eng
National,Eng,Eng
Flag,Eng,Eng
In,Eng,Eng
hand,Eng,Eng
of,Eng,Eng
Bharat,Hin,O
mata,Hin,Hin
in,Eng,Eng
SS,Eng,O
why,Hin,Eng
amp,Eng,O
what,Eng,Eng
kind,Eng,Eng
of,Eng,Eng
Desh,Hin,Hin
bhakti,Hin,Hin
it,Eng,Eng
is,Eng,Eng
Now ventilator for him Mujhe ghar leke jao re Cant see this Papa ke last moments yaad aa rage hein,,
Now,Eng,Eng
ventilator,Eng,Eng
for,Eng,Eng
him,Hin,Eng
Mujhe,Hin,Hin
ghar,Hin,Hin
leke,Hin,Hin
jao,Hin,Hin
re,Hin,Hin
Cant,Hin,Eng
see,Hin,Eng
this,Eng,Eng
Papa,Eng,Eng
ke,Hin,Hin
last,Eng,Eng
moments,Eng,Eng
yaad,Hin,Hin
aa,Hin,Hin
rage,Hin,Hin
hein,Hin,Hin
Always remember Ghar baith ke baatain chodne main aur itni awaam ke samne perform karne main buhat farq hai,,
Always,Eng,Eng
remember,Eng,Eng
Ghar,Hin,Hin
baith,Hin,Hin
ke,Hin,Hin
baatain,Hin,Hin
chodne,Hin,Hin
main,Hin,Hin
aur,Hin,Hin
itni,Hin,Hin
awaam,Hin,Hin
ke,Hin,Hin
samne,Hin,Hin
perform,Hin,Eng
karne,Hin,Hin
main,Hin,Hin
buhat,Hin,Hin
farq,Hin,Hin
hai,Hin,Hin
CONGESS walo ke ghar main AGA kisika SOMACH UPSE HOGA O HEY WILL HELD MODI ESPONSIBLE HEY AE MODIFIED,,
CONGESS,Hin,O
walo,Hin,Hin
ke,Hin,Hin
ghar,Hin,Hin
main,Hin,Hin
AGA,Hin,Hin
kisika,Hin,Hin
SOMACH,Hin,Eng
UPSE,Hin,Eng
HOGA,Hin,Hin
O,Hin,Hin
HEY,Hin,Eng
WILL,Hin,Eng
HELD,Hin,Eng
MODI,Hin,Eng
ESPONSIBLE,Hin,Eng
HEY,Hin,Eng
AE,Hin,Eng
MODIFIED,Eng,Eng
he ocksss Chikna Iss photo mein Bangladesh kitna bada lag raha hai ime has come 2 Support and held on to the B Desh http,,
he,Hin,Eng
ocksss,Hin,?
Chikna,Hin,Hin
Iss,Hin,Hin
photo,Hin,Hin
mein,Hin,Hin
Bangladesh,Hin,O
kitna,Hin,Hin
bada,Hin,Hin
lag,Hin,Hin
raha,Hin,Hin
hai,Hin,Hin
ime,Hin,Hin
has,Eng,Eng
come,Eng,Eng
2,O,O
Support,Eng,Eng
and,Eng,Eng
held,Eng,Eng
on,Eng,Eng
to,Eng,Eng
the,Eng,Eng
B,Eng,Eng
Desh,Hin,Hin
http,Eng,?
AA HO YA DIN ME O KAU DUBMASH FO SK O MEE HIM lt 3,,
AA,Hin,Hin
HO,Hin,Hin
YA,Hin,Hin
DIN,Hin,Hin
ME,Hin,Hin
O,Hin,Hin
KAU,Hin,Hin
DUBMASH,Hin,Eng
FO,Eng,Eng
SK,Eng,Eng
O,Hin,Hin
MEE,Hin,Hin
HIM,Eng,Eng
lt,Eng,Eng
3,O,O
Whom will u support in 2dy s match desh,,
Whom,Eng,Eng
will,Eng,Eng
u,Eng,Eng
support,Eng,Eng
in,Eng,Eng
2dy,Eng,Eng
s,Eng,Eng
match,Eng,Eng
desh,Hin,Hin
All the topics are new to me but I exam tomorrow Ghar ke samne match ho raha hai everyone screaming,,
All,Eng,Eng
the,Eng,Eng
topics,Eng,Eng
are,Eng,Eng
new,Eng,Eng
to,Eng,Eng
me,Hin,Eng
but,Eng,Eng
I,Eng,Eng
exam,Eng,Eng
tomorrow,Eng,Eng
Ghar,Hin,Hin
ke,Hin,Hin
samne,Hin,Hin
match,Hin,Eng
ho,Hin,Hin
raha,Hin,Hin
hai,Hin,Hin
everyone,Eng,Eng
screaming,Eng,Eng
As I Already Said Din Me ain Chala Hai aat Me aina Chalega,,
As,Eng,Eng
I,Eng,Eng
Already,Eng,Eng
Said,Eng,Eng
Din,Hin,Hin
Me,Hin,Hin
ain,Hin,Hin
Chala,Hin,Hin
Hai,Hin,Hin
aat,Hin,Hin
Me,Hin,Hin
aina,Hin,Hin
Chalega,Hin,Hin
Kisi ko screening ke mazey lene han to mere ghar ajae Amma abba too very excited,,
Kisi,Hin,Hin
ko,Hin,Hin
screening,Eng,Eng
ke,Hin,Hin
mazey,Hin,Hin
lene,Hin,Hin
han,Hin,Hin
to,Hin,Hin
mere,Hin,Hin
ghar,Hin,Hin
ajae,Hin,Hin
Amma,Hin,Hin
abba,Hin,Hin
too,Hin,Eng
very,Eng,Eng
excited,Eng,Eng
his is hamara desh Bharat You can follow we are secular country but if you eat beef our men will hunt you and lynch you,,
his,Eng,Eng
is,Eng,Eng
hamara,Hin,Hin
desh,Hin,Hin
Bharat,Hin,o
You,Hin,Eng
can,Eng,Eng
follow,Eng,Eng
we,Eng,Eng
are,Eng,Eng
secular,Eng,Eng
country,Eng,Eng
but,Eng,Eng
if,Eng,Eng
you,Eng,Eng
eat,Eng,Eng
beef,Eng,Eng
our,Eng,Eng
men,Eng,Eng
will,Eng,Eng
hunt,Eng,Eng
you,Eng,Eng
and,Eng,Eng
lynch,Eng,Eng
you,Eng,Eng
You only think of eating if daaru gets over amp u dnt find a spare bottle chacha Fufa or Mausa ke ghar,,
You,Eng,Eng
only,Eng,Eng
think,Eng,Eng
of,Eng,Eng
eating,Eng,Eng
if,Hin,Eng
daaru,Hin,Hin
gets,Eng,Eng
over,Eng,Eng
amp,Eng,O
u,Eng,Eng
dnt,Eng,Eng
find,Eng,Eng
a,Eng,Eng
spare,Eng,Eng
bottle,Eng,Eng
chacha,Hin,Hin
Fufa,Hin,Hin
or,Hin,Eng
Mausa,Hin,Hin
ke,Hin,Hin
ghar,Hin,Hin
I thot Mere Hi Din Kharab Chal ahe H Pakistan Ke o Din aat Batting Bowling Electricity Economy Sab Khara,,
I,Hin,Eng
thot,Hin,Eng
Mere,Hin,Hin
Hi,Hin,Hin
Din,Hin,Hin
Kharab,Hin,Hin
Chal,Hin,Hin
ahe,Hin,Hin
H,Eng,Hin
Pakistan,Eng,O
Ke,Hin,Hin
o,Hin,Hin
Din,Hin,Hin
aat,Eng,Hin
Batting,Eng,Eng
Bowling,Eng,Eng
Electricity,Eng,Eng
Economy,Eng,Eng
Sab,Hin,Hin
Khara,Hin,Hin
he biggest nationalist is desh hit me se break up kiya deserves Bharat ratn p,,
he,Eng,Eng
biggest,Eng,Eng
nationalist,Eng,Eng
is,Eng,Hin
desh,Hin,Hin
hit,Hin,Eng
me,Hin,Hin
se,Hin,Hin
break,Eng,Eng
up,Hin,Eng
kiya,Hin,Hin
deserves,Eng,Eng
Bharat,Eng,O
ratn,Hin,Hin
p,Eng,?
Bc phatake hi phatake Ghar ke pass,,
Bc,Hin,Hin
phatake,Hin,Hin
hi,Hin,Hin
phatake,Hin,Hin
Ghar,Hin,Hin
ke,Hin,Hin
pass,Hin,Hin
As I Already Said Din Me ain Chala Hai aat Me aina Chalega,,
As,Eng,Eng
I,Eng,Eng
Already,Eng,Eng
Said,Eng,Eng
Din,Hin,Hin
Me,Hin,Hin
ain,Hin,Hin
Chala,Hin,Hin
Hai,Hin,Hin
aat,Hin,Hin
Me,Hin,Hin
aina,Hin,Hin
Chalega,Hin,Hin
LOG CACKES PHOD AHE HAI GHA KE BAHA EXPECING DHOL ANYIME SOON,,
LOG,Hin,Hin
CACKES,Eng,Eng
PHOD,Hin,Hin
AHE,Hin,Hin
HAI,Hin,Hin
GHA,Hin,Hin
KE,Hin,Hin
BAHA,Hin,Hin
EXPECING,Hin,Eng
DHOL,Hin,Hin
ANYIME,Hin,Eng
SOON,Hin,Eng
hankyou viratkohili and youbrajsingh all the best mr m s dhoni tumlok hoshan mera bharat desh he mahan,,
hankyou,Hin,Eng
viratkohili,Hin,O
and,Hin,Eng
youbrajsingh,Hin,O
all,Eng,Eng
the,Eng,Eng
best,Hin,Eng
mr,Hin,Eng
m,Eng,O
s,Hin,O
dhoni,Hin,O
tumlok,Hin,Hin
hoshan,Hin,Hin
mera,Hin,Hin
bharat,Hin,O
desh,Hin,Hin
he,Hin,Hin
mahan,Hin,Hin
Mere ghar ke bahar drums baj rahe hain and crackers burn horahe hain Wohaaa I m loving it lt 3,,
Mere,Hin,Hin
ghar,Hin,Hin
ke,Hin,Hin
bahar,Eng,Hin
drums,Eng,Eng
baj,Hin,Hin
rahe,Hin,Hin
hain,Hin,Hin
and,Eng,Eng
crackers,Eng,Eng
burn,Eng,Eng
horahe,Hin,Hin
hain,Hin,Hin
Wohaaa,Hin,Hin
I,Hin,Eng
m,Eng,Eng
loving,Eng,Eng
it,Eng,Eng
lt,Eng,Eng
3,O,O
When Wins facial expressions of sir Amitabh Bachchan with waving iranga tells everything Bharat Mata ki Ja,,
When,Eng,Eng
Wins,Eng,Eng
facial,Eng,Eng
expressions,Eng,Eng
of,Eng,Eng
sir,Hin,Eng
Amitabh,Hin,O
Bachchan,Hin,O
with,Eng,Eng
waving,Eng,Eng
iranga,Eng,Hin
tells,Eng,Eng
everything,Eng,Eng
Bharat,Hin,O
Mata,Hin,Hin
ki,Hin,Hin
Ja,Hin,Hin
bhagat Sports hi hai lakho ke ghar nahi jal rahe iss maidan mein Spewing partition venom at this moment really ugly Jai,,
bhagat,Hin,O
Sports,Eng,Eng
hi,Hin,Hin
hai,Hin,Hin
lakho,Hin,Hin
ke,Hin,Hin
ghar,Hin,Hin
nahi,Hin,Hin
jal,Hin,Hin
rahe,Hin,Hin
iss,Hin,Hin
maidan,Hin,Hin
mein,Hin,Hin
Spewing,Eng,Eng
partition,Eng,Eng
venom,Eng,Eng
at,Eng,Eng
this,Eng,Eng
moment,Eng,Eng
really,Eng,Eng
ugly,Eng,Eng
Jai,Eng,Hin
where r those fool who were mocking our team after NZ game sale apni aukat nhi dusro ke ghar me jhankte hen,,
where,Eng,Eng
r,Eng,Eng
those,Eng,Eng
fool,Eng,Eng
who,Eng,Eng
were,Eng,Eng
mocking,Eng,Eng
our,Eng,Eng
team,Eng,Eng
after,Eng,Eng
NZ,Eng,O
game,Eng,Eng
sale,Hin,Hin
apni,Hin,Hin
aukat,Hin,Hin
nhi,Hin,Hin
dusro,Hin,Hin
ke,Hin,Hin
ghar,Hin,Hin
me,Hin,Hin
jhankte,Hin,Hin
hen,Hin,Hin
Qandeel Baloch Going to ke ghar along with her elder sister and ammi,,
Qandeel,Hin,O
Baloch,Eng,O
Going,Eng,Eng
to,Eng,Eng
ke,Hin,Hin
ghar,Hin,Hin
along,Eng,Eng
with,Eng,Eng
her,Eng,Eng
elder,Eng,Eng
sister,Eng,Eng
and,Eng,Eng
ammi,Hin,Hin
hank u indra devta din mei barsey aap Nw raat mei ppl incrasin pollution Omg all celebratin cz may b tmrww itz sunday it ws superb mtch,,
hank,Hin,Eng
u,Eng,Eng
indra,Hin,O
devta,Hin,Hin
din,Hin,Hin
mei,Hin,Hin
barsey,Hin,Hin
aap,Hin,Hin
Nw,Hin,Hin
raat,Hin,Hin
mei,Hin,Hin
ppl,Eng,Eng
incrasin,Eng,Eng
pollution,Eng,Eng
Omg,Eng,Eng
all,Eng,Eng
celebratin,Eng,Eng
cz,Eng,Eng
may,Eng,Eng
b,Hin,Eng
tmrww,Eng,Eng
itz,Eng,Eng
sunday,Eng,Eng
it,Eng,Eng
ws,Eng,Eng
superb,Eng,Eng
mtch,Eng,Eng
We not put the vote to AAP and Congress I love Narendra Modi and my country BHAA MAA KI JAI VANDEMAAM,,
We,Eng,Eng
not,Eng,Eng
put,Eng,Eng
the,Eng,Eng
vote,Eng,Eng
to,Hin,Eng
AAP,Hin,O
and,Eng,Eng
Congress,Eng,O
I,Eng,Eng
love,Hin,Eng
Narendra,Eng,O
Modi,Eng,O
and,Eng,Eng
my,Eng,Eng
country,Hin,Hin
BHAA,Hin,O
MAA,Hin,Hin
KI,Hin,Hin
JAI,Hin,Hin
VANDEMAAM,Hin,Hin
Virat Kohli ke ghar ke bahar jashn How lucky these delhi people are,,
Virat,Eng,O
Kohli,Eng,O
ke,Hin,Hin
ghar,Hin,Hin
ke,Hin,Hin
bahar,Hin,Hin
jashn,Hin,Hin
How,Hin,Eng
lucky,Eng,Eng
these,Eng,Eng
delhi,Hin,O
people,Eng,Eng
are,Eng,Eng
36 acha fir to raat awesome ha din nhi,,
36,O,O
acha,Eng,Hin
fir,Eng,Hin
to,Hin,Hin
raat,Hin,Hin
awesome,Hin,E
ha,Hin,Hin
din,Hin,Hin
nhi,Hin,Hin
Hum apne ghar mhe bhi sher the aaj pure world mhe sher ho gaye ab world cup hume mil gaya pakistan se jeet ke love u india team,,
Hum,Hin,Hin
apne,Hin,Hin
ghar,Hin,Hin
mhe,Hin,Hin
bhi,Hin,Hin
sher,Hin,Hin
the,Hin,Hin
aaj,Hin,Hin
pure,Hin,Eng
world,Eng,Eng
mhe,Hin,Hin
sher,Hin,Hin
ho,Hin,Hin
gaye,Hin,Hin
ab,Hin,Hin
world,Hin,Eng
cup,Hin,Eng
hume,Hin,Hin
mil,Hin,Hin
gaya,Hin,Hin
pakistan,Hin,O
se,Hin,Hin
jeet,Hin,Hin
ke,Hin,Hin
love,Hin,Eng
u,Hin,Eng
india,Hin,O
team,Eng,Eng
My first film seen after marriage amp one of the highlights was your song Mujhe Sajan ke ghar jana hai,,
My,Eng,Eng
first,Eng,Eng
film,Eng,Eng
seen,Eng,Eng
after,Eng,Eng
marriage,Eng,Eng
amp,Eng,O
one,Eng,Eng
of,Eng,Eng
the,Eng,Eng
highlights,Eng,Eng
was,Eng,Eng
your,Eng,Eng
song,Eng,Eng
Mujhe,Hin,Hin
Sajan,Hin,Hin
ke,Hin,Hin
ghar,Hin,Hin
jana,Hin,Hin
hai,Hin,Hin
pls try nd use ur brain Bas aik fixed pattern rakha hua hai aur usko hi follow karte ho amir ke overs ghar le je jane thay,,
pls,Hin,Eng
try,Eng,Eng
nd,Eng,Eng
use,Eng,Eng
ur,Eng,Eng
brain,Hin,Eng
Bas,Hin,Hin
aik,Hin,Hin
fixed,Eng,Eng
pattern,Eng,Eng
rakha,Hin,Hin
hua,Hin,Hin
hai,Hin,Hin
aur,Hin,Hin
usko,Hin,Hin
hi,Hin,Hin
follow,Hin,Hin
karte,Hin,Hin
ho,Hin,Hin
amir,Hin,O
ke,Hin,Hin
overs,Eng,Eng
ghar,Hin,Hin
le,Hin,Hin
je,Hin,Hin
jane,Hin,Hin
thay,Hin,Hin
khani ghar ghar ke if you have relatives,,
khani,Hin,Hin
ghar,Hin,Hin
ghar,Hin,Hin
ke,Hin,Hin
if,Eng,Eng
you,Eng,Eng
have,Eng,Eng
relatives,Eng,Eng
ghar me bol ke aaya kya re buddhe ranslation Do you need a ticket to go back,,
ghar,Hin,Hin
me,Hin,Hin
bol,Hin,Hin
ke,Hin,Hin
aaya,Hin,Hin
kya,Hin,Hin
re,Hin,Hin
buddhe,Hin,Hin
ranslation,Eng,Eng
Do,Eng,Eng
you,Eng,Eng
need,Eng,Eng
a,Hin,Eng
ticket,Eng,Eng
to,Eng,Eng
go,Eng,Eng
back,Eng,Eng
ll It s High ime You Come o Bharat Desh With Your Family ll ll Pranaam ll,,
ll,Hin,O
It,Hin,Eng
s,Eng,Eng
High,Hin,Eng
ime,Eng,Eng
You,Hin,Eng
Come,Hin,Eng
o,Hin,Eng
Bharat,Hin,O
Desh,Hin,Hin
With,Hin,Eng
Your,Eng,Eng
Family,Eng,Eng
ll,Hin,O
ll,Hin,O
Pranaam,Hin,Hin
ll,Hin,O
1 15 o shri kiren rijiju if u believe in astrology den I want to tell u that 1 2004 5 mein raajneeti mein pravesh from amethi aur desh mein,,
1,O,O
15,O,O
o,Hin,Hin
shri,Hin,Hin
kiren,Hin,Hin
rijiju,Hin,Hin
if,Hin,Hin
u,Hin,Hin
believe,Eng,Eng
in,Eng,Eng
astrology,Eng,Eng
den,Eng,Eng
I,Hin,Hin
want,Eng,Eng
to,Eng,Eng
tell,Hin,Hin
u,Hin,Hin
that,Hin,Hin
1,O,O
2004,O,O
5,O,O
mein,Hin,Hin
raajneeti,Hin,Hin
mein,Hin,Hin
pravesh,Hin,Hin
from,Eng,Eng
amethi,Hin,Hin
aur,Hin,Hin
desh,Hin,Hin
mein,Hin,Hin
desh ko tukdo mein baat ke dum loge How sad u had to express ur mean self in such a way Shame,,
desh,Hin,Hin
ko,Hin,Hin
tukdo,Hin,Hin
mein,Hin,Hin
baat,Hin,Hin
ke,Hin,Hin
dum,Hin,Hin
loge,Hin,Hin
How,Hin,Eng
sad,Eng,Eng
u,Hin,Eng
had,Eng,Eng
to,Eng,Eng
express,Eng,Eng
ur,Hin,Eng
mean,Eng,Eng
self,Eng,Eng
in,Eng,Eng
such,Eng,Eng
a,Eng,Eng
way,Eng,Eng
Shame,Hin,Eng
Ghats on the rivers and Wells are still separate for Dalits in rural Bharat Desh are we a liberal country,,
Ghats,Eng,Hin
on,Eng,Eng
the,Eng,Eng
rivers,Eng,Eng
and,Eng,Eng
Wells,Eng,Eng
are,Eng,Eng
still,Eng,Eng
separate,Eng,Eng
for,Eng,Eng
Dalits,Eng,O
in,Eng,Eng
rural,Eng,Eng
Bharat,Hin,O
Desh,Hin,Hin
are,Eng,Eng
we,Eng,Eng
a,Eng,Eng
liberal,Eng,Eng
country,Eng,Eng
Yeh Lo Yeh Desh mein bewakoofiyan ki benchmark is constantly upgrading,,
Yeh,Hin,Hin
Lo,Hin,Hin
Yeh,Hin,Hin
Desh,Hin,Hin
mein,Hin,Hin
bewakoofiyan,Hin,Hin
ki,Hin,Hin
benchmark,Eng,Eng
is,Eng,Eng
constantly,Eng,Eng
upgrading,Eng,Eng
Kitna accha hota agar amp fir se ek desh hote What an unbeatable Cricket team it would have been,,
Kitna,Hin,Hin
accha,Hin,Hin
hota,Hin,Hin
agar,Hin,Hin
amp,Eng,O
fir,Eng,Hin
se,Hin,Hin
ek,Hin,Hin
desh,Hin,Hin
hote,Hin,Hin
What,Hin,Eng
an,Eng,Eng
unbeatable,Eng,Eng
Cricket,Eng,Eng
team,Hin,Eng
it,Eng,Eng
would,Eng,Eng
have,Eng,Eng
been,Eng,Eng
Kitna accha hota agar amp fir se ek desh hote What an unbeatable Cricket team it would have been,,
Kitna,Hin,Hin
accha,Hin,Hin
hota,Hin,Hin
agar,Hin,Hin
amp,Eng,O
fir,Eng,Hin
se,Hin,Hin
ek,Hin,Hin
desh,Hin,Hin
hote,Hin,Hin
What,Hin,Eng
an,Eng,Eng
unbeatable,Eng,Eng
Cricket,Eng,Eng
team,Hin,Eng
it,Eng,Eng
would,Eng,Eng
have,Eng,Eng
been,Eng,Eng
hts wht Converts do to stay on in Church Na Ghar ke na India,,
hts,Hin,Hin
wht,Hin,Hin
Converts,Eng,Eng
do,Eng,Eng
to,Eng,Eng
stay,Eng,Eng
on,Eng,Eng
in,Eng,Eng
Church,Hin,Hin
Na,Hin,Hin
Ghar,Hin,Hin
ke,Hin,Hin
na,Hin,Hin
India,Hin,Hin
Jo is desh mein rehna games nahin khelna hoga Go recite the Sanghi anthem Or collect some Gau Mutra,,
Jo,Hin,Hin
is,Hin,Hin
desh,Hin,Hin
mein,Hin,Hin
rehna,Hin,Hin
games,Hin,Eng
nahin,Hin,Hin
khelna,Hin,Hin
hoga,Hin,Hin
Go,Hin,Eng
recite,Eng,Eng
the,Hin,Eng
Sanghi,Eng,O
anthem,Hin,Eng
Or,Hin,Eng
collect,Eng,Eng
some,Eng,Eng
Gau,Hin,Hin
Mutra,Hin,Hin
PayalGujjar Our team free now If someone want to hire us for notanki contect us,,
PayalGujjar,Hin,O
Our,Eng,Eng
team,Eng,Eng
free,Eng,Eng
now,Eng,Eng
If,Eng,Eng
someone,Eng,Eng
want,Eng,Eng
to,Eng,Eng
hire,Eng,Eng
us,Eng,Eng
for,Eng,Eng
notanki,Eng,Hin
contect,Eng,Eng
us,Eng,Eng
PayalGujjar Our team free now If someone want to hire us for notanki contect us https,,
PayalGujjar,Hin,O
Our,Eng,Eng
team,Eng,Eng
free,Eng,Eng
now,Eng,Eng
If,Eng,Eng
someone,Eng,Eng
want,Eng,Eng
to,Eng,Eng
hire,Eng,Eng
us,Eng,Eng
for,Eng,Eng
notanki,Eng,Hin
contect,Eng,Eng
us,Eng,Eng
https,Eng,?
A proper case of desh drohi should be run on for misleading Indians Up bringing mein problem hai Ur parents must b cursingU,,
A,Eng,Eng
proper,Eng,Eng
case,Eng,Eng
of,Eng,Eng
desh,Hin,Hin
drohi,Hin,Hin
should,Eng,Eng
be,Eng,Eng
run,Eng,Eng
on,Eng,Eng
for,Eng,Eng
misleading,Eng,Eng
Indians,Eng,O
Up,Eng,Eng
bringing,Eng,Eng
mein,Hin,Hin
problem,Hin,Eng
hai,Hin,Hin
Ur,Hin,Eng
parents,Eng,Eng
must,Eng,Eng
b,Hin,Eng
cursingU,Hin,Eng
is Just Like,,
is,Hin,Eng
Just,Hin,Eng
Like,Hin,Eng
Whole premise is based on spin created called Desh mein Azadi Just hear him before and after It s obvious Dnt let him spin,,
Whole,Eng,Eng
premise,Eng,Eng
is,Eng,Eng
based,Eng,Eng
on,Eng,Eng
spin,Eng,Eng
created,Eng,Eng
called,Eng,Eng
Desh,Hin,Hin
mein,Hin,Hin
Azadi,Hin,Hin
Just,Hin,Eng
hear,Eng,Eng
him,Eng,Eng
before,Eng,Eng
and,Eng,Eng
after,Eng,Eng
It,Eng,Eng
s,Eng,Eng
obvious,Eng,Eng
Dnt,Eng,Eng
let,Eng,Eng
him,Eng,Eng
spin,Eng,Eng
Present state of WB Mamata s dirty vote bank politics soon convert Bengal into another B desh,,
Present,Eng,Eng
state,Eng,Eng
of,Eng,Eng
WB,Eng,O
Mamata,Eng,O
s,Eng,Eng
dirty,Eng,Eng
vote,Eng,Eng
bank,Eng,Eng
politics,Eng,Eng
soon,Eng,Eng
convert,Eng,Eng
Bengal,Eng,O
into,Eng,Eng
another,Eng,Eng
B,Eng,O
desh,Hin,Hin
It s stupid to even imagine Amitabh will charge 4 Cr for singing National Anthem Chutiyon ki kami nahi hai hamare desh mein,,
It,Hin,Eng
s,Eng,Eng
stupid,Eng,Eng
to,Eng,Eng
even,Eng,Eng
imagine,Eng,Eng
Amitabh,Eng,O
will,Eng,Eng
charge,Eng,Eng
4,O,O
Cr,Eng,Eng
for,Eng,Eng
singing,Eng,Eng
National,Eng,Eng
Anthem,Eng,Eng
Chutiyon,Hin,Hin
ki,Hin,Hin
kami,Hin,Hin
nahi,Hin,Hin
hai,Hin,Hin
hamare,Hin,Hin
desh,Hin,Hin
mein,Hin,Hin
A proper case of desh drohi should be run on for misleading Indians Up bringing mein problem hai Ur par,,
A,Eng,Eng
proper,Eng,Eng
case,Eng,Eng
of,Eng,Eng
desh,Hin,Hin
drohi,Hin,Hin
should,Eng,Eng
be,Eng,Eng
run,Eng,Eng
on,Eng,Eng
for,Eng,Eng
misleading,Eng,Eng
Indians,Eng,O
Up,Eng,Eng
bringing,Eng,Eng
mein,Hin,Hin
problem,Hin,Eng
hai,Hin,Hin
Ur,Hin,Eng
par,Hin,Hin
if modiji really did then it s good um logo ka toh DNA tak nahi rehna is bharat desh mai Bloody British agents,,
if,Eng,Eng
modiji,Eng,O
really,Hin,Eng
did,Eng,Eng
then,Eng,Eng
it,Eng,Eng
s,Eng,Eng
good,Eng,Eng
um,Hin,Hin
logo,Hin,Hin
ka,Hin,Hin
toh,Hin,Hin
DNA,Hin,Eng
tak,Hin,Hin
nahi,Hin,Hin
rehna,Hin,Hin
is,Hin,Hin
bharat,Hin,O
desh,Hin,Hin
mai,Hin,Hin
Bloody,Hin,Eng
British,Eng,Eng
agents,Eng,Eng
he Patriot of Khushboo Gujarat Ki fame charged 4 Crore to sing a National Anthem in vs Kolkata,,
he,Eng,Eng
Patriot,Eng,Eng
of,Eng,Eng
Khushboo,Hin,O
Gujarat,Hin,O
Ki,Hin,Hin
fame,Eng,Eng
charged,Eng,Eng
4,O,O
Crore,Eng,Eng
to,Eng,Eng
sing,Eng,Eng
a,Eng,Eng
National,Eng,Eng
Anthem,Eng,Eng
in,Eng,Eng
vs,Eng,Eng
Kolkata,Eng,Eng
G DIN AA MAN HE U FIELDING KEA HAE PICH GASS WALEE HO YA SHAVED,,
G,Eng,?
DIN,Hin,Hin
AA,Hin,Hin
MAN,Hin,Eng
HE,Hin,Eng
U,Eng,Eng
FIELDING,Hin,Eng
KEA,Hin,Hin
HAE,Hin,Hin
PICH,Hin,Eng
GASS,Hin,Hin
WALEE,Hin,Hin
HO,Hin,Hin
YA,Hin,Hin
SHAVED,Hin,Eng
A proper case of desh drohi should be run on for misleading Indians Up bringing mein problem hai Ur par,,
A,Eng,Eng
proper,Eng,Eng
case,Eng,Eng
of,Eng,Eng
desh,Hin,Hin
drohi,Hin,Hin
should,Eng,Eng
be,Eng,Eng
run,Eng,Eng
on,Eng,Eng
for,Eng,Eng
misleading,Eng,Eng
Indians,Eng,O
Up,Eng,Eng
bringing,Eng,Eng
mein,Hin,Hin
problem,Hin,Hin
hai,Hin,Hin
Ur,Hin,Hin
par,Hin,Hin
A proper case of desh drohi should be run on for misleading Indians Up bringing mein problem hai Ur par,,
A,Eng,Eng
proper,Eng,Eng
case,Eng,Eng
of,Eng,Eng
desh,Hin,Hin
drohi,Hin,Hin
should,Eng,Eng
be,Eng,Eng
run,Eng,Eng
on,Eng,Eng
for,Eng,Eng
misleading,Eng,Eng
Indians,Eng,Eng
Up,Eng,Eng
bringing,Eng,Eng
mein,Hin,Hin
problem,Hin,Hin
hai,Hin,Hin
Ur,Hin,Hin
par,Hin,Hin
Say Bharat Mata Ki Jay and grab widow relatives property and you are talking about desh bhakth Lol vante thy ye mataram,,
Say,Hin,Hin
Bharat,Hin,Hin
Mata,Hin,Hin
Ki,Hin,Hin
Jay,Hin,Hin
and,Eng,Eng
grab,Eng,Eng
widow,Eng,Eng
relatives,Eng,Eng
property,Eng,Eng
and,Eng,Eng
you,Eng,Eng
are,Eng,Eng
talking,Eng,Eng
about,Eng,Eng
desh,Hin,Hin
bhakth,Hin,Hin
Lol,Hin,Eng
vante,Hin,Hin
thy,Hin,Hin
ye,Hin,Hin
mataram,Hin,Hin
perfect omeo,,
perfect,Eng,Eng
omeo,Eng,Eng
i am damn sure my team win today as well jo bhi delhi se takrayega vo har ke ghar jayega,,
i,Hin,Eng
am,Hin,Eng
damn,Eng,Eng
sure,Eng,Eng
my,Eng,Eng
team,Eng,Eng
win,Eng,Eng
today,Eng,Eng
as,Eng,Eng
well,Eng,Eng
jo,Hin,Hin
bhi,Hin,Hin
delhi,Hin,O
se,Hin,Hin
takrayega,Hin,Hin
vo,Hin,Hin
har,Hin,Hin
ke,Hin,Hin
ghar,Hin,Hin
jayega,Hin,Hin
Arre itna mehnat kiya desh mein thoda aur karna padega before I go abroad,,
Arre,Hin,Hin
itna,Hin,Hin
mehnat,Hin,Hin
kiya,Hin,Hin
desh,Hin,Hin
mein,Hin,Hin
thoda,Hin,Hin
aur,Hin,Hin
karna,Hin,Hin
padega,Hin,Hin
before,Eng,Eng
I,Eng,Eng
go,Eng,Eng
abroad,Eng,Eng
nehruvian Haha because congress is dying to adopt hindutva remember iss desh mein rahna hai kutto cong supported it,,
nehruvian,Hin,mi
Haha,Hin,O
because,Eng,Eng
congress,Eng,O
is,Eng,Eng
dying,Eng,Eng
to,Eng,Eng
adopt,Eng,Eng
hindutva,Eng,Hin
remember,Eng,Eng
iss,Hin,Hin
desh,Hin,Hin
mein,Hin,Hin
rahna,Hin,Hin
hai,Hin,Hin
kutto,Hin,Hin
cong,Eng,O
supported,Eng,Eng
it,Eng,Eng
What is happening they saw with indian flag immejetely alleged that he took 4 crore to do so,,
What,Eng,Eng
is,Eng,Eng
happening,Eng,Eng
they,Eng,Eng
saw,Eng,Eng
with,Eng,Eng
indian,Eng,O
flag,Eng,Eng
immejetely,Eng,Eng
alleged,Eng,Eng
that,Eng,Eng
he,Eng,Eng
took,Eng,Eng
4,O,O
crore,Eng,Eng
to,Eng,Eng
do,Eng,Eng
so,Eng,Eng
Hash tag Ask Kishwer is trending And ppl are asking her about her plans for her BF s bday Ch yo ki kamee nahi iss desh mein,,
Hash,Eng,Eng
tag,Eng,Eng
Ask,Eng,Eng
Kishwer,Eng,O
is,Eng,Eng
trending,Eng,Eng
And,Eng,Eng
ppl,Eng,Eng
are,Eng,Eng
asking,Eng,Eng
her,Eng,Eng
about,Eng,Eng
her,Eng,Eng
plans,Eng,Eng
for,Eng,Eng
her,Eng,Eng
BF,Eng,Eng
s,Eng,Eng
bday,Hin,Eng
Ch,Hin,Hin
yo,Hin,Hin
ki,Hin,Hin
kamee,Hin,Hin
nahi,Hin,Hin
iss,Hin,Hin
desh,Hin,Hin
mein,Hin,Hin
Pagal Delhi da nahi Bharat Desh da Munda hai Be big hearted don t show your narrow mind,,
Pagal,Hin,Hin
Delhi,Hin,O
da,Hin,Hin
nahi,Hin,Hin
Bharat,Hin,O
Desh,Hin,Hin
da,Hin,Hin
Munda,Hin,Hin
hai,Hin,Hin
Be,Hin,Hin
big,Eng,Eng
hearted,Eng,Eng
don,Eng,Eng
t,Hin,Eng
show,Hin,Eng
your,Eng,Eng
narrow,Eng,Eng
mind,Eng,Eng
Ghar Dhundne Ke Liye hank You actor,,
Ghar,Hin,Hin
Dhundne,Hin,Hin
Ke,Hin,Hin
Liye,Hin,Hin
hank,Hin,Eng
You,Eng,Eng
actor,Eng,Eng
he Guards egiment Nagpur celebrating an Army birthday with some wonderful desh bhakts Jai Hind Bharat Mata ki Jai,,
he,Eng,Eng
Guards,Eng,Eng
egiment,Eng,Eng
Nagpur,Eng,O
celebrating,Eng,Eng
an,Eng,Eng
Army,Eng,Eng
birthday,Eng,Eng
with,Eng,Eng
some,Eng,Eng
wonderful,Eng,Eng
desh,Eng,Hin
bhakts,Eng,Hin
Jai,Hin,Hin
Hind,Hin,Hin
Bharat,Hin,Hin
Mata,Hin,Hin
ki,Hin,Hin
Jai,Hin,Hin
ghar ke V ka asar watching also,,
ghar,Hin,Hin
ke,Hin,Hin
V,Hin,?
ka,Hin,Hin
asar,Hin,Hin
watching,Eng,Eng
also,Eng,Eng
I liked a video Kabhi aat Din Hum Door he Bollywood Love Song Aamne Saamne,,
I,Eng,Eng
liked,Eng,Eng
a,Eng,Eng
video,Hin,Eng
Kabhi,Hin,Hin
aat,Hin,Hin
Din,Hin,Hin
Hum,Hin,Hin
Door,Hin,Hin
he,Hin,Hin
Bollywood,Hin,Eng
Love,Hin,Hin
Song,Hin,Hin
Aamne,Hin,Hin
Saamne,Hin,Hin