So much love for Delhi today Alhumdolillah mausam,,
So,Hin,Eng
much,Eng,Eng
love,Eng,Eng
for,Eng,Eng
Delhi,Eng,Ot
today,Hin,Eng
Alhumdolillah,Hin,Hin
mausam,Hin,Hin
I wish u a good day with blessing time k cr Wiz luv amp respect my prayers wiz u olwaz luv u,,
I,Eng,Eng
wish,Eng,Eng
u,Eng,Eng
a,Eng,Eng
good,Eng,Eng
day,Eng,Eng
with,Eng,Eng
blessing,Eng,Eng
time,Eng,Eng
k,Hin,Eng
cr,Hin,?
Wiz,Hin,Eng
luv,Hin,Eng
amp,Eng,Ot
respect,Eng,Eng
my,Eng,Eng
prayers,Eng,Eng
wiz,Eng,Eng
u,Hin,Eng
olwaz,Hin,Eng
luv,Hin,Eng
u,Hin,Eng
Former CM of Haryana Bhupinder Singh Hooda s appeal to the Govt amp the people of Haryana,,
Former,Eng,Eng
CM,Eng,Eng
of,Eng,Eng
Haryana,Eng,Ot
Bhupinder,Hin,Ot
Singh,Hin,Ot
Hooda,Eng,Ot
s,Eng,Eng
appeal,Eng,Eng
to,Eng,Eng
the,Eng,Eng
Govt,Eng,Eng
amp,Eng,Ot
the,Eng,Eng
people,Eng,Eng
of,Eng,Eng
Haryana,Eng,Ot
ur all songs r ausm Specially mujhe raat din my all time fav Jb tk mai sone se phle ek br ye gana ni sunta to mjhe nind hi ni ati,,
ur,Hin,Eng
all,Eng,Eng
songs,Eng,Eng
r,Eng,Eng
ausm,Hin,Eng
Specially,Hin,Eng
mujhe,Hin,Hin
raat,Hin,Hin
din,Hin,Hin
my,Eng,Eng
all,Eng,Eng
time,Hin,Eng
fav,Hin,Eng
Jb,Hin,Hin
tk,Hin,Hin
mai,Hin,Hin
sone,Hin,Hin
se,Hin,Hin
phle,Hin,Hin
ek,Hin,Hin
br,Hin,Hin
ye,Hin,Hin
gana,Hin,Hin
ni,Hin,Hin
sunta,Hin,Hin
to,Hin,Hin
mjhe,Hin,Hin
nind,Hin,Hin
hi,Hin,Hin
ni,Hin,Hin
ati,Hin,Hin
Breaking news BJP to coin slogan Desh mein Modi Pradesh mein bhi Modi after failing to get CM face in 2017,,
Breaking,Eng,Eng
news,Eng,Eng
BJP,Eng,Ot
to,Eng,Eng
coin,Eng,Eng
slogan,Eng,Eng
Desh,Hin,Hin
mein,Hin,Hin
Modi,Hin,Ot
Pradesh,Hin,Hin
mein,Hin,Hin
bhi,Hin,Hin
Modi,Hin,Ot
after,Eng,Eng
failing,Eng,Eng
to,Eng,Eng
get,Eng,Eng
CM,Eng,Eng
face,Eng,Eng
in,Eng,Eng
2017,O,O
Breaking news BJP to coin slogan Desh mein Modi Pradesh mein bhi Modi after failing to get CM face in 2017,,
Breaking,Eng,Eng
news,Eng,Eng
BJP,Eng,Eng
to,Eng,Eng
coin,Eng,Eng
slogan,Eng,Eng
Desh,Hin,Hin
mein,Hin,Hin
Modi,Hin,Ot
Pradesh,Hin,Hin
mein,Hin,Hin
bhi,Hin,Hin
Modi,Hin,Ot
after,Eng,Eng
failing,Eng,Eng
to,Eng,Eng
get,Eng,Eng
CM,Eng,Eng
face,Eng,Eng
in,Eng,Eng
2017,O,O
Iss desh mein aurat devi samaan hai Mother gang raped on bus in India as two week old baby dies in attack,,
Iss,Hin,Hin
desh,Hin,Hin
mein,Hin,Hin
aurat,Hin,Hin
devi,Hin,Hin
samaan,Hin,Hin
hai,Hin,Hin
Mother,Hin,Eng
gang,Eng,Eng
raped,Eng,Eng
on,Eng,Eng
bus,Eng,Eng
in,Eng,Eng
India,Eng,Ot
as,Eng,Eng
two,Eng,Eng
week,Eng,Eng
old,Eng,Eng
baby,Eng,Eng
dies,Eng,Eng
in,Eng,Eng
attack,Eng,Eng
awesm my lord guru g ap din raat logo ki bad habbits khtm krvane me lage hue hat,,
awesm,Hin,Eng
my,Hin,Eng
lord,Eng,Eng
guru,Eng,Hin
g,Eng,Hin
ap,Eng,Hin
din,Hin,Hin
raat,Hin,Hin
logo,Hin,Hin
ki,Hin,Hin
bad,Hin,Eng
habbits,Eng,Eng
khtm,Hin,Hin
krvane,Hin,Hin
me,Hin,Hin
lage,Hin,Hin
hue,Hin,Hin
hat,Hin,Hin
Din dhal jaaye aat na jaaye One of SD Burman and afi sahab s most fabulous places it can take me to,,
Din,Hin,Hin
dhal,Hin,Hin
jaaye,Hin,Hin
aat,Hin,Hin
na,Hin,Hin
jaaye,Hin,Hin
One,Hin,Eng
of,Eng,Eng
SD,Eng,Ot
Burman,Eng,Ot
and,Eng,Eng
afi,Eng,Ot
sahab,Eng,Ot
s,Eng,Eng
most,Eng,Eng
fabulous,Eng,Eng
places,Eng,Eng
it,Eng,Eng
can,Eng,Eng
take,Eng,Eng
me,Hin,Eng
to,Eng,Eng
yes thats what i am going to do tonight lol family friend ke ghar garba function hai,,
yes,Eng,Eng
thats,Eng,Eng
what,Eng,Eng
i,Hin,Eng
am,Hin,Eng
going,Eng,Eng
to,Eng,Eng
do,Eng,Eng
tonight,Hin,Eng
lol,Eng,Eng
family,Eng,Eng
friend,Hin,Eng
ke,Hin,Hin
ghar,Hin,Hin
garba,Eng,Hin
function,Eng,Eng
hai,Hin,Hin
Kisi Aur Desh mein Log Swagat Karenge Why Not in some other country No 2 25 Crore Grant,,
Kisi,Hin,Hin
Aur,Hin,Hin
Desh,Hin,Hin
mein,Hin,Hin
Log,Hin,Hin
Swagat,Hin,Hin
Karenge,Hin,Hin
Why,Eng,Eng
Not,Eng,Eng
in,Eng,Eng
some,Eng,Eng
other,Eng,Eng
country,Eng,Eng
No,Hin,Hin
2,O,O
25,O,O
Crore,Hin,Eng
Grant,Eng,Eng
array koee bata ae khayabane seher ke is ghar mein kitne rooms hain how many contestants can stay in this Big Brother purpose built house,,
array,Hin,Hin
koee,Hin,Hin
bata,Hin,Hin
ae,Hin,Hin
khayabane,Hin,Hin
seher,Hin,Hin
ke,Hin,Hin
is,Hin,Hin
ghar,Hin,Hin
mein,Hin,Hin
kitne,Hin,Hin
rooms,Hin,Eng
hain,Hin,Hin
how,Eng,Eng
many,Eng,Eng
contestants,Eng,Eng
can,Eng,Eng
stay,Eng,Eng
in,Eng,Eng
this,Eng,Eng
Big,Eng,Eng
Brother,Eng,Eng
purpose,Eng,Eng
built,Eng,Eng
house,Eng,Eng
Check out org patniak,,
Check,Eng,Eng
out,Eng,Eng
org,Eng,Eng
patniak,Hin,Ot
If those who say Bharat Mata Ki Jai do not have monopoly of patriotism those who shout desh ke udeh have,,
If,Eng,Eng
those,Eng,Eng
who,Eng,Eng
say,Eng,Eng
Bharat,Hin,Ot
Mata,Hin,Hin
Ki,Hin,Hin
Jai,Hin,Hin
do,Hin,Eng
not,Eng,Eng
have,Eng,Eng
monopoly,Eng,Eng
of,Eng,Eng
patriotism,Eng,Eng
those,Eng,Eng
who,Eng,Eng
shout,Eng,Eng
desh,Hin,Hin
ke,Hin,Hin
udeh,Hin,Hin
have,Eng,hin
everything is going down except terror of sanghwad Doha,,
everything,Eng,Eng
is,Eng,Eng
going,Eng,Eng
down,Eng,Eng
except,Eng,Eng
terror,Eng,Eng
of,Eng,Eng
sanghwad,Eng,Ot
Doha,Eng,Ot
Owaisi is So scared of saying BHAA MAA KI JAI Nowadays Indian seculars are more interested in slogans like Bharat ki,,
Owaisi,Hin,Ot
is,Hin,Eng
So,Eng,Eng
scared,Eng,Eng
of,Eng,Eng
saying,Eng,Eng
BHAA,Hin,Ot
MAA,Hin,Hin
KI,Hin,Hin
JAI,Hin,Hin
Nowadays,Eng,Eng
Indian,Eng,Eng
seculars,Eng,Eng
are,Eng,Eng
more,Eng,Eng
interested,Eng,Eng
in,Eng,Eng
slogans,Eng,Eng
like,Eng,Eng
Bharat,Hin,Ot
ki,Hin,Hin
Even with a knife to my throat won t say Bharat mata ki jai to chief,,
Even,Eng,Eng
with,Eng,Eng
a,Eng,Eng
knife,Eng,Eng
to,Eng,Eng
my,Eng,Eng
throat,Eng,Eng
won,Eng,Eng
t,Eng,Eng
say,Hin,Eng
Bharat,Hin,Ot
mata,Hin,Hin
ki,Hin,Hin
jai,Hin,Hin
to,Hin,Eng
chief,Eng,Eng
I wear my sunglasses everytime India plays chahe din ho ya raat P,,
I,Eng,Eng
wear,Eng,Eng
my,Eng,Eng
sunglasses,Eng,Eng
everytime,Eng,Eng
India,Eng,Eng
plays,Eng,Eng
chahe,Hin,Hin
din,Hin,Hin
ho,Hin,Hin
ya,Hin,Hin
raat,Hin,Hin
P,Hin,Hin
for the slap on s face must tweet with BHAA MAA KI JAI ek tweet desh k dushmano k face pe slap,,
for,Eng,Eng
the,Eng,Eng
slap,Eng,Eng
on,Eng,Eng
s,Eng,Eng
face,Eng,Eng
must,Eng,Eng
tweet,Eng,Eng
with,Eng,Eng
BHAA,Hin,Ot
MAA,Hin,Hin
KI,Hin,Hin
JAI,Hin,Hin
ek,Hin,Hin
tweet,Hin,Eng
desh,Hin,Hin
k,Hin,Hin
dushmano,Hin,Hin
k,Hin,Hin
face,Hin,Eng
pe,Eng,Hin
slap,Eng,Eng
Anyway Owaisi a descendant of azakars couldn t have said anything else I think the call b Bharat desh ki jai,,
Anyway,Eng,Eng
Owaisi,Hin,Ot
a,Eng,Eng
descendant,Eng,Eng
of,Eng,Eng
azakars,Eng,Ot
couldn,Eng,Eng
t,Eng,Eng
have,Eng,Eng
said,Eng,Eng
anything,Eng,Eng
else,Eng,Eng
I,Eng,Eng
think,Eng,Eng
the,Eng,Eng
call,Hin,Eng
b,Hin,Hin
Bharat,Hin,Ot
desh,Hin,Hin
ki,Hin,Hin
jai,Hin,Hin
yes desh drohi h if not call Bharat Mata ki jay,,
yes,Hin,Eng
desh,Hin,Hin
drohi,Hin,Hin
h,Hin,Hin
if,Eng,Eng
not,Eng,Eng
call,Eng,Eng
Bharat,Hin,Ot
Mata,Hin,Hin
ki,Hin,Hin
jay,Hin,Hin
yes desh drohi h if not call Bharat Mata ki jay,,
yes,Hin,Eng
desh,Hin,Hin
drohi,Hin,Hin
h,Hin,Hin
if,Eng,Eng
not,Eng,Eng
call,Eng,Eng
Bharat,Hin,Ot
Mata,Hin,Hin
ki,Hin,Hin
jay,Hin,Hin
Oops You really said that wo bhi apne Desh mein lt Hands Down gt,,
Oops,Eng,Eng
You,Hin,Eng
really,Eng,Eng
said,Eng,Eng
that,Eng,Eng
wo,Hin,Hin
bhi,Hin,Hin
apne,Hin,Hin
Desh,Hin,Hin
mein,Hin,Hin
lt,Hin,Eng
Hands,Eng,Eng
Down,Eng,Eng
gt,Eng,Ot
profession choro personality dekho kamaskam ghar aa ke 4 baaten karne ka toh dil chahe banday se which is more important tbh,,
profession,Eng,Eng
choro,Eng,Hin
personality,Eng,Eng
dekho,Hin,Hin
kamaskam,Hin,Hin
ghar,Hin,Hin
aa,Hin,Hin
ke,Hin,Hin
4,O,Ot
baaten,Hin,Hin
karne,Hin,Hin
ka,Hin,Hin
toh,Hin,Hin
dil,Hin,Hin
chahe,Hin,Hin
banday,Hin,Hin
se,Hin,Hin
which,Eng,Eng
is,Eng,Eng
more,Eng,Eng
important,Eng,Eng
tbh,Eng,Eng
Hey will you say Bharat Mata ki Jai or follow your brother Owaisi and say NO,,
Hey,Hin,Eng
will,Hin,Eng
you,Hin,Eng
say,Hin,Eng
Bharat,Hin,Ot
Mata,Hin,Hin
ki,Hin,Hin
Jai,Hin,Hin
or,Eng,Eng
follow,Eng,Eng
your,Eng,Eng
brother,Eng,Eng
Owaisi,Hin,Ot
and,Eng,Eng
say,Hin,Eng
NO,Hin,Eng
everything is going down except terror of sanghwad Doha https,,
everything,Eng,Eng
is,Eng,Eng
going,Eng,Eng
down,Eng,Eng
except,Eng,Eng
terror,Eng,Eng
of,Eng,Eng
sanghwad,Eng,Ot
Doha,Eng,Ot
https,Eng,?
I have Muslim friends who proudly chant Bharat Mata Ki Jai Vande Mataram hey told this is because they studied in school,,
I,Eng,Eng
have,Eng,Eng
Muslim,Eng,Ot
friends,Eng,Eng
who,Eng,Eng
proudly,Eng,Eng
chant,Eng,Eng
Bharat,Hin,Ot
Mata,Hin,Hin
Ki,Hin,Hin
Jai,Hin,Hin
Vande,Hin,Hin
Mataram,Hin,Hin
hey,Hin,Eng
told,Eng,Eng
this,Eng,Eng
is,Eng,Eng
because,Eng,Eng
they,Eng,Eng
studied,Eng,Eng
in,Eng,Eng
school,Eng,Eng
I dont want to enter into DHAM Desh is my relesion if I m a real muslim Jay bharat,,
I,Hin,Eng
dont,Hin,Eng
want,Hin,Eng
to,Eng,Eng
enter,Eng,Eng
into,Hin,Eng
DHAM,Hin,Hin
Desh,Hin,Hin
is,Eng,Eng
my,Eng,Eng
relesion,Eng,Eng
if,Eng,Eng
I,Eng,Eng
m,Hin,Eng
a,Eng,Eng
real,Eng,Eng
muslim,Eng,Ot
Jay,Hin,Hin
bharat,Hin,Ot
yeah i LOVE tere ghar ke samne it s my fave bollywood film and it s funny and my fave actor is in it,,
yeah,Hin,Eng
i,Hin,Eng
LOVE,Hin,Eng
tere,Hin,Hin
ghar,Hin,Hin
ke,Hin,Hin
samne,Hin,Hin
it,Hin,Eng
s,Hin,Eng
my,Hin,Eng
fave,Hin,Eng
bollywood,Hin,Eng
film,Eng,Hin
and,Eng,Eng
it,Eng,Eng
s,Eng,Eng
funny,Eng,Eng
and,Eng,Eng
my,Eng,Eng
fave,Eng,Eng
actor,Eng,Eng
is,Eng,Eng
in,Eng,Eng
it,Eng,Eng
garg 12 oh i hear ya smh ugh its like shaap hai bimaar hona is desh mein,,
garg,Eng,Eng
12,O,O
oh,Eng,Eng
i,Hin,Eng
hear,Eng,Eng
ya,Eng,Eng
smh,Eng,Eng
ugh,Eng,?
its,Eng,Eng
like,Eng,Eng
shaap,Hin,Hin
hai,Hin,Hin
bimaar,Hin,Hin
hona,Hin,Hin
is,Hin,Hin
desh,Hin,Hin
mein,Hin,Hin
What used to be main ghar chhod ke ja raha hu wali chiththi has now turned into open letter,,
What,Eng,Eng
used,Eng,Eng
to,Eng,Eng
be,Eng,Eng
main,Hin,Hin
ghar,Hin,Hin
chhod,Hin,Hin
ke,Hin,Hin
ja,Hin,Hin
raha,Hin,Hin
hu,Hin,Hin
wali,Hin,Hin
chiththi,Hin,Hin
has,Hin,Eng
now,Eng,Eng
turned,Eng,Eng
into,Eng,Eng
open,Eng,Eng
letter,Eng,Eng
khan Happy birthday Bharat desh k sapoot Aap ke birthday pe hum karenge Zordar dangal,,
khan,Hin,Ot
Happy,Hin,Eng
birthday,Hin,Eng
Bharat,Hin,Ot
desh,Hin,Hin
k,Hin,Hin
sapoot,Hin,Hin
Aap,Hin,Hin
ke,Hin,Hin
birthday,Hin,Hin
pe,Hin,Hin
hum,Hin,Hin
karenge,Hin,Hin
Zordar,Hin,Hin
dangal,Hin,Hin
travelling to New Delhi India from Frankfurt Airport,,
travelling,Eng,Eng
to,Eng,Eng
New,Eng,Eng
Delhi,Eng,Ot
India,Eng,Ot
from,Eng,Eng
Frankfurt,Eng,Ot
Airport,Eng,Eng
rue that Why the hell does the media give footage to these bastards Desh chod k ja tu Owaisi Bharat Mata Ki Jai,,
rue,Eng,Eng
that,Eng,Eng
Why,Eng,Eng
the,Eng,Eng
hell,Eng,Eng
does,Eng,Eng
the,Eng,Eng
media,Eng,Eng
give,Eng,Eng
footage,Eng,Eng
to,Eng,Eng
these,Eng,Eng
bastards,Eng,Eng
Desh,Hin,Hin
chod,Hin,Hin
k,Hin,Hin
ja,Hin,Hin
tu,Hin,Hin
Owaisi,Hin,Ot
Bharat,Hin,Ot
Mata,Hin,Hin
Ki,Hin,Hin
Jai,Hin,Hin
Now a days talking about anti Hindu is secularism Hindus are not in human righs definitions Is desh mein Hindu hona paap hai,,
Now,Eng,Eng
a,Eng,Eng
days,Eng,Eng
talking,Eng,Eng
about,Eng,Eng
anti,Eng,Eng
Hindu,Eng,Ot
is,Eng,Eng
secularism,Eng,Eng
Hindus,Eng,Ot
are,Eng,Eng
not,Eng,Eng
in,Eng,Eng
human,Eng,Eng
righs,Eng,Eng
definitions,Eng,Eng
Is,Eng,Eng
desh,Hin,Hin
mein,Hin,Hin
Hindu,Hin,Ot
hona,Hin,Hin
paap,Hin,Hin
hai,Hin,Hin
Now a days talking about anti Hindu is secularism Hindus are not in human righs definitions Is desh mein Hindu hona pa,,
Now,Eng,Eng
a,Eng,Eng
days,Eng,Eng
talking,Eng,Eng
about,Eng,Eng
anti,Eng,Eng
Hindu,Eng,Ot
is,Eng,Eng
secularism,Eng,Eng
Hindus,Eng,Ot
are,Eng,Eng
not,Eng,Eng
in,Eng,Eng
human,Eng,Eng
righs,Eng,Eng
definitions,Eng,Eng
Is,Eng,Eng
desh,Hin,Hin
mein,Hin,Hin
Hindu,Hin,Ot
hona,Hin,Hin
pa,Hin,Hin
Every hing You Do In Daily outine And In Special Days Do It By he Sunnahs of Hazrat Muhammad S A W,,
Every,Eng,Eng
hing,Eng,Eng
You,Hin,Eng
Do,Hin,Eng
In,Hin,Eng
Daily,Eng,Eng
outine,Eng,Eng
And,Eng,Eng
In,Eng,Eng
Special,Eng,Eng
Days,Eng,Eng
Do,Eng,Eng
It,Eng,Eng
By,Hin,Eng
he,Eng,Hin
Sunnahs,Eng,Ot
of,Eng,Eng
Hazrat,Eng,Ot
Muhammad,Eng,Ot
S,Hin,?
A,Eng,?
W,Eng,?
Beetey hue din raat na yaad aayen to soyein Still on Apparently,,
Beetey,Hin,Hin
hue,Hin,Hin
din,Hin,Hin
raat,Hin,Hin
na,Hin,Hin
yaad,Hin,Hin
aayen,Hin,Hin
to,Hin,Hin
soyein,Hin,Hin
Still,Hin,Eng
on,Eng,Eng
Apparently,Eng,Eng
Does that even make sense Bharat mata ki jai I can say Bharat mera pyara desh hai and shout at top of my volume,,
Does,Eng,Eng
that,Eng,Eng
even,Eng,Eng
make,Eng,Eng
sense,Eng,Eng
Bharat,Hin,Ot
mata,Hin,Hin
ki,Hin,Hin
jai,Hin,Hin
I,Hin,Eng
can,Eng,Eng
say,Hin,Eng
Bharat,Hin,Ot
mera,Hin,Hin
pyara,Hin,Hin
desh,Hin,Hin
hai,Hin,Hin
and,Hin,Hin
shout,Eng,Eng
at,Eng,Eng
top,Eng,Eng
of,Eng,Eng
my,Eng,Eng
volume,Eng,Eng
Does that even make sense Bharat mata ki jai I can say Bharat mera pyara desh hai and shout at top of my volume,,
Does,Eng,Eng
that,Eng,Eng
even,Eng,Eng
make,Eng,Eng
sense,Eng,Eng
Bharat,Hin,Ot
mata,Hin,Hin
ki,Hin,Hin
jai,Hin,Hin
I,Hin,Eng
can,Eng,Eng
say,Hin,Eng
Bharat,Hin,Ot
mera,Hin,Hin
pyara,Hin,Hin
desh,Hin,Hin
hai,Hin,Hin
and,Hin,Eng
shout,Eng,Eng
at,Eng,Eng
top,Eng,Eng
of,Eng,Eng
my,Eng,Eng
volume,Eng,Eng
we need a re run of shows like kis desh mein hai mera dil and navya,,
we,Eng,Eng
need,Eng,Eng
a,Eng,Eng
re,Hin,Eng
run,Eng,Eng
of,Eng,Eng
shows,Eng,Eng
like,Eng,Eng
kis,Hin,Hin
desh,Hin,Hin
mein,Hin,Hin
hai,Hin,Hin
mera,Hin,Hin
dil,Hin,Hin
and,Eng,Eng
navya,Eng,Ot
hrow some light on Beggars yeh is desh mein Badte hi Ja rahe hain kuch karo System so gaya hai usko jagao,,
hrow,Eng,Eng
some,Eng,Eng
light,Eng,Eng
on,Eng,Eng
Beggars,Eng,Eng
yeh,Eng,Hin
is,Hin,Hin
desh,Hin,Hin
mein,Hin,Hin
Badte,Hin,Hin
hi,Hin,Hin
Ja,Hin,Hin
rahe,Hin,Hin
hain,Hin,Hin
kuch,Hin,Hin
karo,Hin,Hin
System,Hin,Eng
so,Hin,Hin
gaya,Hin,Hin
hai,Hin,Hin
usko,Hin,Hin
jagao,Hin,Hin
why u people r unnecessary giving pressures to Muslim to tell Bharat Mata etc Other things also for desh bhakti,,
why,Hin,Eng
u,Hin,Eng
people,Eng,Eng
r,Eng,Eng
unnecessary,Eng,Eng
giving,Eng,Eng
pressures,Eng,Eng
to,Eng,Eng
Muslim,Eng,Ot
to,Eng,Eng
tell,Hin,Eng
Bharat,Hin,Ot
Mata,Eng,Hin
etc,Eng,Eng
Other,Eng,Eng
things,Eng,Eng
also,Eng,Eng
for,Eng,Eng
desh,Hin,Hin
bhakti,Hin,Hin
if some body religion not allowing to tell Bharat Mata than don t pressurize it to him So many things to show desh prem,,
if,Eng,Eng
some,Eng,Eng
body,Eng,Eng
religion,Eng,Eng
not,Eng,Eng
allowing,Eng,Eng
to,Eng,Eng
tell,Hin,Eng
Bharat,Hin,Ot
Mata,Hin,Hin
than,Eng,Eng
don,Hin,Eng
t,Eng,Eng
pressurize,Eng,Eng
it,Eng,Eng
to,Eng,Eng
him,Eng,Eng
So,Eng,Eng
many,Eng,Eng
things,Eng,Eng
to,Eng,Eng
show,Eng,Eng
desh,Hin,Hin
prem,Hin,Hin
GM Congress author of article 370 which gives ek desh mein do Pradhan Do Nishan Do vidhan amp not get of duality,,
GM,Eng,Eng
Congress,Eng,Ot
author,Eng,Eng
of,Eng,Eng
article,Eng,Eng
370,O,Ot
which,Eng,Eng
gives,Eng,Eng
ek,Hin,Hin
desh,Hin,Hin
mein,Hin,Hin
do,Hin,Hin
Pradhan,Hin,Hin
Do,Hin,Hin
Nishan,Hin,Hin
Do,Hin,Hin
vidhan,Hin,Hin
amp,Eng,Ot
not,Eng,Eng
get,Eng,Eng
of,Eng,Eng
duality,Eng,Eng
Mention someone jo match day pe ghar baith ke drafts me tweet bana raha hai,,
Mention,Eng,Eng
someone,Eng,Eng
jo,Hin,Hin
match,Eng,Eng
day,Eng,Eng
pe,Hin,Hin
ghar,Hin,Hin
baith,Hin,Hin
ke,Eng,Hin
drafts,Eng,Eng
me,Eng,Hin
tweet,Eng,Eng
bana,Hin,Hin
raha,Hin,Hin
hai,Hin,Hin
Ghar Mei chupke se storybooks ki library bana ke rent pe dena aur unn paison se aur books buy karna love it,,
Ghar,Hin,Hin
Mei,Hin,Hin
chupke,Hin,Hin
se,Eng,Hin
storybooks,Eng,Eng
ki,Eng,Hin
library,Eng,Eng
bana,Hin,Hin
ke,Hin,Hin
rent,Hin,Eng
pe,Hin,Hin
dena,Hin,Hin
aur,Hin,Hin
unn,Hin,Hin
paison,Hin,Hin
se,Hin,Hin
aur,Hin,Hin
books,Eng,Eng
buy,Eng,Eng
karna,Hin,Hin
love,Hin,Eng
it,Eng,Eng
ujhe raat din bas tujhe chahti hu Hope u like it Please reply Loveee u so so sooo much,,
ujhe,Hin,Hin
raat,Hin,Hin
din,Hin,Hin
bas,Hin,Hin
tujhe,Hin,Hin
chahti,Hin,Hin
hu,Hin,Hin
Hope,Hin,Eng
u,Hin,Eng
like,Hin,Eng
it,Eng,Eng
Please,Eng,Eng
reply,Hin,Eng
Loveee,Hin,Eng
u,Hin,Eng
so,Hin,Eng
so,Hin,Eng
sooo,Hin,Eng
much,Hin,Eng
hat moment when your mom says Hum do din ke liye ganv ja rahe hai Ghar tum akele ho,,
hat,Eng,Eng
moment,Eng,Eng
when,Eng,Eng
your,Eng,Eng
mom,Eng,Eng
says,Hin,Eng
Hum,Hin,Hin
do,Hin,Hin
din,Hin,Hin
ke,Hin,Hin
liye,Hin,Hin
ganv,Hin,Hin
ja,Hin,Hin
rahe,Hin,Hin
hai,Hin,Hin
Ghar,Hin,Hin
tum,Hin,Hin
akele,Hin,Hin
ho,Hin,Hin
Kya hota hai ke ghar ka mahol when India plays cricket une in with me on to know more as he joins me on,,
Kya,Hin,Hin
hota,Hin,Hin
hai,Hin,Hin
ke,Hin,Hin
ghar,Hin,Hin
ka,Hin,Hin
mahol,Hin,Hin
when,Eng,Eng
India,Eng,Ot
plays,Eng,Eng
cricket,Eng,Eng
une,Hin,?
in,Eng,Eng
with,Eng,Eng
me,Hin,Eng
on,Eng,Eng
to,Eng,Eng
know,Eng,Eng
more,Eng,Eng
as,Eng,Eng
he,Eng,Eng
joins,Eng,Eng
me,Eng,Eng
on,Eng,Eng
Employees from Corp Centre led by CMD on cleaning drive in Gurgaon https,,
Employees,Eng,Eng
from,Eng,Eng
Corp,Eng,Eng
Centre,Eng,Eng
led,Eng,Eng
by,Eng,Eng
CMD,Eng,Eng
on,Eng,Eng
cleaning,Eng,Eng
drive,Eng,Eng
in,Eng,Eng
Gurgaon,Eng,Ot
https,Eng,?
hose thriving on Vote Bank politics Hope u got ans desh,,
hose,Eng,Eng
thriving,Eng,Eng
on,Eng,Eng
Vote,Eng,Eng
Bank,Eng,Eng
politics,Eng,Eng
Hope,Eng,Eng
u,Hin,Eng
got,Eng,Eng
ans,Hin,Eng
desh,Hin,Hin
I am listening to Mujhe raat din by Sonu Nigam O O,,
I,Eng,Eng
am,Eng,Eng
listening,Eng,Eng
to,Hin,Eng
Mujhe,Hin,Hin
raat,Hin,Hin
din,Hin,Hin
by,Eng,Eng
Sonu,Eng,Ot
Nigam,Hin,Ot
O,Hin,Ot
O,Hin,Ot
100 dina ch black money mein le aauni desh ch,,
100,O,Ot
dina,Hin,Hin
ch,Eng,Hin
black,Eng,Eng
money,Hin,Eng
mein,Hin,Hin
le,Hin,Hin
aauni,Hin,Hin
desh,Hin,Hin
ch,Hin,Hin
Muslims will not say bharat mata ki jai bcz bharat to unke Desh pakistan ka baap hai thts why they r confused,,
Muslims,Eng,Ot
will,Eng,Eng
not,Eng,Eng
say,Hin,Eng
bharat,Hin,Ot
mata,Hin,Hin
ki,Hin,Hin
jai,Hin,Hin
bcz,Hin,Eng
bharat,Hin,Ot
to,Hin,Hin
unke,Hin,Hin
Desh,Hin,Hin
pakistan,Eng,Ot
ka,Hin,Hin
baap,Hin,Hin
hai,Hin,Hin
thts,Hin,Eng
why,Eng,Eng
they,Eng,Eng
r,Eng,Eng
confused,Eng,Eng
bahut saare daridr naraayan hai hamaare desh mein hum jaisa I am privileged enough to at least know the names of my grand fathers,,
bahut,Hin,Hin
saare,Hin,Hin
daridr,Hin,Hin
naraayan,Hin,Hin
hai,Hin,Hin
hamaare,Hin,Hin
desh,Hin,Hin
mein,Hin,Hin
hum,Hin,Hin
jaisa,Hin,Hin
I,Hin,Eng
am,Eng,Eng
privileged,Eng,Eng
enough,Eng,Eng
to,Eng,Eng
at,Eng,Eng
least,Eng,Eng
know,Eng,Eng
the,Eng,Eng
names,Eng,Eng
of,Eng,Eng
my,Eng,Eng
grand,Eng,Eng
fathers,Eng,Eng
Nationalism cms frm actions nt words If ISIS scum says Bharat mata ki Jai wld he be a desh bhakht,,
Nationalism,Eng,Eng
cms,Eng,Eng
frm,Eng,Eng
actions,Eng,Eng
nt,Eng,Eng
words,Eng,Eng
If,Eng,Eng
ISIS,Eng,Ot
scum,Eng,Eng
says,Eng,Eng
Bharat,Hin,Ot
mata,Hin,Hin
ki,Hin,Hin
Jai,Hin,Hin
wld,Eng,Eng
he,Eng,Eng
be,Eng,Eng
a,Eng,Eng
desh,Hin,Hin
bhakht,Hin,Hin
Nationalism cms frm actions nt words If ISIS scum says Bharat mata ki Jai wld he be a desh bhakht http,,
Nationalism,Eng,Eng
cms,Eng,Eng
frm,Eng,Eng
actions,Eng,Eng
nt,Eng,Eng
words,Eng,Eng
If,Eng,Eng
ISIS,Eng,Ot
scum,Eng,Eng
says,Eng,Eng
Bharat,Hin,Ot
mata,Hin,Hin
ki,Hin,Hin
Jai,Hin,Hin
wld,Eng,Eng
he,Eng,Eng
be,Eng,Eng
a,Eng,Eng
desh,Hin,Hin
bhakht,Eng,Eng
http,Eng,?
We used to sing this in school Bharat mata ke santan hum Desh Bharat ke rakhwale hum Unable to find it on google Anyone familiar,,
We,Eng,Eng
used,Eng,Eng
to,Eng,Eng
sing,Eng,Eng
this,Eng,Eng
in,Eng,Eng
school,Eng,Eng
Bharat,Hin,Ot
mata,Hin,Hin
ke,Hin,Hin
santan,Hin,Hin
hum,Hin,Hin
Desh,Hin,Hin
Bharat,Hin,Ot
ke,Hin,Hin
rakhwale,Hin,Hin
hum,Hin,Hin
Unable,Eng,Eng
to,Eng,Eng
find,Eng,Eng
it,Eng,Eng
on,Eng,Eng
google,Eng,Eng
Anyone,Eng,Eng
familiar,Eng,Eng
Why it s being difficult to say BHAA MAA KI JAI Is desh me ab in baaton pe politics hoga,,
Why,Eng,Eng
it,Eng,Eng
s,Eng,Eng
being,Eng,Eng
difficult,Eng,Eng
to,Eng,Eng
say,Hin,Eng
BHAA,Hin,Ot
MAA,Hin,Hin
KI,Hin,Hin
JAI,Hin,Hin
Is,Hin,Hin
desh,Hin,Hin
me,Hin,Hin
ab,Hin,Hin
in,Hin,Hin
baaton,Hin,Hin
pe,Hin,Hin
politics,Eng,Eng
hoga,Hin,Hin
Hyderabad alemi Board K Controller amp Secretary Ke Ghar Waliyan Ghost eacher Hone Ka Inkishaf,,
Hyderabad,Eng,Ot
alemi,Eng,Ot
Board,Eng,Eng
K,Eng,Hin
Controller,Eng,Eng
amp,Eng,Ot
Secretary,Eng,Eng
Ke,Hin,Hin
Ghar,Hin,Hin
Waliyan,Hin,Hin
Ghost,Eng,Eng
eacher,Eng,Eng
Hone,Hin,Hin
Ka,Hin,Hin
Inkishaf,Hin,Hin
Nationalism cms frm actions nt words If ISIS scum says Bharat mata ki Jai wld he be a desh bhakht http,,
Nationalism,Eng,Eng
cms,Eng,Eng
frm,Eng,Eng
actions,Eng,Eng
nt,Eng,Eng
words,Eng,Eng
If,Eng,Eng
ISIS,Eng,Ot
scum,Eng,Eng
says,Eng,Eng
Bharat,Hin,Ot
mata,Hin,Hin
ki,Hin,Hin
Jai,Hin,Hin
wld,Eng,Eng
he,Eng,Eng
be,Eng,Eng
a,Eng,Eng
desh,Hin,Hin
bhakht,Eng,Hin
http,Eng,?
in Mysore public property destroyed by agitating party workers by shouting Bharat mataki jai amp are called Desh Bhaktas comments,,
in,Eng,Eng
Mysore,Eng,Ot
public,Eng,Eng
property,Eng,Eng
destroyed,Eng,Eng
by,Eng,Eng
agitating,Eng,Eng
party,Eng,Eng
workers,Eng,Eng
by,Eng,Eng
shouting,Hin,Eng
Bharat,Hin,Ot
mataki,Hin,Hin
jai,Hin,Hin
amp,Eng,Ot
are,Eng,Eng
called,Eng,Eng
Desh,Eng,Hin
Bhaktas,Eng,Hin
comments,Eng,Eng
in Mysore public property destroyed by agitating party workers by shouting Bharat mataki jai amp are called Desh Bhaktas,,
in,Eng,Eng
Mysore,Eng,Ot
public,Eng,Eng
property,Eng,Eng
destroyed,Eng,Eng
by,Eng,Eng
agitating,Eng,Eng
party,Eng,Eng
workers,Eng,Eng
by,Eng,Eng
shouting,Hin,Eng
Bharat,Hin,Ot
mataki,Hin,Hin
jai,Hin,Hin
amp,Eng,Ot
are,Eng,Eng
called,Eng,Eng
Desh,Eng,Hin
Bhaktas,Eng,Hin
sumedha no not equally some fans hai jo din raat mehant krte hai videos chat nd all update krte hai thy dsrve more,,
sumedha,Hin,Hin
no,Eng,Eng
not,Eng,Eng
equally,Eng,Eng
some,Eng,Eng
fans,Eng,Eng
hai,Hin,Hin
jo,Hin,Hin
din,Hin,Hin
raat,Hin,Hin
mehant,Hin,Hin
krte,Hin,Hin
hai,Hin,Hin
videos,Eng,Eng
chat,Eng,Eng
nd,Eng,Eng
all,Eng,Eng
update,Eng,Eng
krte,Hin,Hin
hai,Hin,Hin
thy,Hin,Eng
dsrve,Eng,Eng
more,Hin,Eng
more than desh prem I support this jaago bharat jaago hanx to Zee Channel,,
more,Eng,Eng
than,Eng,Eng
desh,Hin,Hin
prem,Hin,Hin
I,Hin,Eng
support,Eng,Eng
this,Eng,Eng
jaago,Hin,Hin
bharat,Hin,Ot
jaago,Hin,Hin
hanx,Eng,Eng
to,Eng,Eng
Zee,Eng,Ot
Channel,Eng,Eng
will kidnap d parth n use doll ke ghar pe chhod dungi N will make sure that they ll get married rt there rt now Hahaha,,
will,Eng,Eng
kidnap,Eng,Eng
d,Eng,Eng
parth,Eng,Ot
n,Hin,Eng
use,Hin,Hin
doll,Hin,Ot
ke,Hin,Hin
ghar,Hin,Hin
pe,Hin,Hin
chhod,Hin,Hin
dungi,Hin,Hin
N,Hin,Eng
will,Eng,Eng
make,Eng,Eng
sure,Eng,Eng
that,Eng,Eng
they,Eng,Eng
ll,Eng,Eng
get,Eng,Eng
married,Eng,Eng
rt,Eng,Eng
there,Eng,Eng
rt,Eng,Eng
now,Hin,Eng
Hahaha,Hin,Ot
MIM Chief says Won t chant Bharat Mata ki Jai Booked for sedition by Lucknow court,,
MIM,Eng,Ot
Chief,Eng,Eng
says,Eng,Eng
Won,Eng,Eng
t,Hin,Hin
chant,Hin,Eng
Bharat,Hin,Ot
Mata,Hin,Hin
ki,Hin,Hin
Jai,Hin,Hin
Booked,Eng,Eng
for,Eng,Eng
sedition,Eng,Eng
by,Eng,Eng
Lucknow,Eng,Ot
court,Eng,Eng
Exclusively for you,,
Exclusively,Eng,Eng
for,Eng,Eng
you,Hin,Eng
stupid owaisi say Allah hoAkbar or jaisriram it s personal when it comes to Desh we alws say Bharat mata ki jai,,
stupid,Hin,Eng
owaisi,Hin,Ot
say,Hin,Eng
Allah,Hin,Hin
hoAkbar,Hin,Hin
or,Hin,Eng
jaisriram,Hin,Hin
it,Hin,Eng
s,Eng,Eng
personal,Eng,Eng
when,Eng,Eng
it,Eng,Eng
comes,Eng,Eng
to,Eng,Eng
Desh,Hin,Hin
we,Eng,Eng
alws,Eng,Eng
say,Hin,Eng
Bharat,Hin,Ot
mata,Hin,Hin
ki,Hin,Hin
jai,Hin,Hin
he Chinese Govt Is Now Using Donald rump As Proof hat Democracy Doesnt Work,,
he,Hin,Eng
Chinese,Eng,Ot
Govt,Eng,Eng
Is,Eng,Eng
Now,Eng,Eng
Using,Eng,Eng
Donald,Eng,Ot
rump,Eng,Ot
As,Eng,Eng
Proof,Eng,Eng
hat,Eng,Eng
Democracy,Eng,Eng
Doesnt,Eng,Eng
Work,Hin,Hin
May the Yamduts fry his body in boiled oil for spoiling the image of Bharat Desh and make him to say bharat mata ki jai,,
May,Eng,Eng
the,Hin,Eng
Yamduts,Hin,Ot
fry,Hin,Eng
his,Eng,Eng
body,Eng,Eng
in,Eng,Eng
boiled,Eng,Eng
oil,Eng,Eng
for,Eng,Eng
spoiling,Eng,Eng
the,Eng,Eng
image,Eng,Eng
of,Eng,Eng
Bharat,Hin,Ot
Desh,Hin,Hin
and,Eng,Eng
make,Eng,Eng
him,Eng,Eng
to,Eng,Eng
say,Hin,Eng
bharat,Hin,Ot
mata,Hin,Hin
ki,Hin,Hin
jai,Hin,Hin
Kitni nafarat hai yar is desh mein I bet you wouldn t have shared if the same dancer had written sth ve,,
Kitni,Hin,Hin
nafarat,Hin,Hin
hai,Hin,Hin
yar,Hin,Hin
is,Hin,Hin
desh,Hin,Hin
mein,Hin,Hin
I,Eng,Eng
bet,Eng,Eng
you,Eng,Eng
wouldn,Eng,Eng
t,Eng,Eng
have,Eng,Eng
shared,Eng,Eng
if,Eng,Eng
the,Eng,Eng
same,Eng,Eng
dancer,Eng,Eng
had,Eng,Eng
written,Eng,Eng
sth,Eng,Eng
ve,Hin,Eng
we wr expecting something like this sir ji but still no Sign,,
we,Eng,Eng
wr,Eng,Eng
expecting,Eng,Eng
something,Eng,Eng
like,Eng,Eng
this,Eng,Eng
sir,Hin,Eng
ji,Hin,Hin
but,Eng,Eng
still,Eng,Eng
no,Eng,Eng
Sign,Eng,Eng
He would ve been jailed if he d said Bharat mata ki jai Aisa Bharat desh hai mera D Delhi HC,,
He,Eng,Eng
would,Eng,Eng
ve,Eng,Eng
been,Eng,Eng
jailed,Eng,Eng
if,Eng,Eng
he,Eng,Eng
d,Eng,Eng
said,Eng,Eng
Bharat,Hin,Ot
mata,Hin,Hin
ki,Hin,Hin
jai,Hin,Hin
Aisa,Hin,Hin
Bharat,Hin,Ot
desh,Hin,Hin
hai,Hin,Hin
mera,Hin,Hin
D,Hin,Hin
Delhi,Eng,Ot
HC,Eng,Ot
guys retweets and let that guy know what it feels like to be Indian EK DESH EK BHAA,,
guys,Eng,Eng
retweets,Eng,Eng
and,Eng,Eng
let,Eng,Eng
that,Eng,Eng
guy,Eng,Eng
know,Eng,Eng
what,Eng,Eng
it,Eng,Eng
feels,Eng,Eng
like,Eng,Eng
to,Eng,Eng
be,Eng,Eng
Indian,Hin,Eng
EK,Hin,Hin
DESH,Hin,Hin
EK,Hin,Hin
BHAA,Hin,Ot
Oweshi s declaration not to chat Bharat Mata ki Jay is not a challenge to SS but to Collective Conscience of India It,,
Oweshi,Hin,Ot
s,Eng,Eng
declaration,Eng,Eng
not,Eng,Eng
to,Eng,Eng
chat,Hin,Hin
Bharat,Hin,Ot
Mata,Hin,Hin
ki,Hin,Hin
Jay,Hin,Hin
is,Eng,Eng
not,Eng,Eng
a,Eng,Eng
challenge,Eng,Eng
to,Eng,Eng
SS,Eng,Ot
but,Eng,Eng
to,Eng,Eng
Collective,Eng,Eng
Conscience,Eng,Eng
of,Eng,Eng
India,Eng,Ot
It,Eng,Eng
ajasthan has aBJP govt Desh Bhakt so every thing is fair like what happened in Haryana Bharat mata ki jay,,
ajasthan,Eng,Ot
has,Eng,Eng
aBJP,Eng,Ot
govt,Eng,Eng
Desh,Hin,Hin
Bhakt,Hin,Hin
so,Eng,Eng
every,Eng,Eng
thing,Eng,Eng
is,Eng,Eng
fair,Eng,Eng
like,Eng,Eng
what,Eng,Eng
happened,Eng,Eng
in,Eng,Eng
Haryana,Eng,Ot
Bharat,Hin,Ot
mata,Hin,Hin
ki,Hin,Hin
jay,Hin,Hin
meghna prays to god ki Megs ke ghar pe current aa jaye,,
meghna,Hin,Ot
prays,Eng,Eng
to,Eng,Eng
god,Hin,Eng
ki,Hin,Hin
Megs,Eng,Ot
ke,Hin,Hin
ghar,Hin,Hin
pe,Hin,Hin
current,Eng,Eng
aa,Hin,Hin
jaye,Hin,Hin
Fadnavis hank you he Malkapur Urban Co op Bank Ltd for the contribution of 11 00 000 towards Abhiyan https,,
Fadnavis,Eng,Ot
hank,Eng,Eng
you,Eng,Eng
he,Hin,Eng
Malkapur,Hin,Ot
Urban,Eng,Eng
Co,Eng,Eng
op,Eng,Eng
Bank,Eng,Eng
Ltd,Eng,Eng
for,Eng,Eng
the,Eng,Eng
contribution,Eng,Eng
of,Eng,Eng
11,O,Ot
0,O,Ot
0,O,Ot
towards,Eng,Eng
Abhiyan,Eng,Hin
https,Eng,?
Every problem is exploited Husband amp wife had a fight Missionaries used this opportunity amp converted them,,
Every,Eng,Eng
problem,Eng,Eng
is,Eng,Eng
exploited,Eng,Eng
Husband,Eng,Eng
amp,Eng,Ot
wife,Eng,Eng
had,Eng,Eng
a,Eng,Eng
fight,Eng,Eng
Missionaries,Eng,Eng
used,Eng,Eng
this,Eng,Eng
opportunity,Eng,Eng
amp,Eng,Ot
converted,Eng,Eng
them,Eng,Eng
CM Fadnavis makes a statement in Legislative Assembly on the help extended by State Govt to farmers,,
CM,Eng,Eng
Fadnavis,Eng,Ot
makes,Eng,Eng
a,Eng,Eng
statement,Eng,Eng
in,Eng,Eng
Legislative,Eng,Eng
Assembly,Eng,Eng
on,Eng,Eng
the,Eng,Eng
help,Eng,Eng
extended,Eng,Eng
by,Eng,Eng
State,Eng,Eng
Govt,Eng,Eng
to,Eng,Eng
farmers,Eng,Eng
Policy aimed at reducing road mishaps by 50 lays emphasis on effective implementation of traffic rules amp immediate med,,
Policy,Eng,Eng
aimed,Eng,Eng
at,Eng,Eng
reducing,Eng,Eng
road,Eng,Eng
mishaps,Eng,Eng
by,Eng,Eng
50,O,O
lays,Eng,Eng
emphasis,Eng,Eng
on,Eng,Eng
effective,Eng,Eng
implementation,Eng,Eng
of,Eng,Eng
traffic,Eng,Eng
rules,Eng,Eng
amp,Eng,Ot
immediate,Eng,Eng
med,Eng,Eng
Hindus of Haryana are busy fighting each other While Christian missionaries r converting Hindus buldg new church https,,
Hindus,Eng,Ot
of,Eng,Eng
Haryana,Eng,Ot
are,Eng,Eng
busy,Eng,Eng
fighting,Eng,Eng
each,Eng,Eng
other,Eng,Eng
While,Eng,Eng
Christian,Eng,Ot
missionaries,Eng,Eng
r,Eng,Eng
converting,Eng,Eng
Hindus,Eng,Ot
buldg,Eng,Eng
new,Eng,Eng
church,Eng,Eng
https,Eng,?
rue indian spirit tis message should read desh drohi salman khurshid amp Ovessi for the power amp love of bharat mata Well done,,
rue,Eng,Eng
indian,Eng,Ot
spirit,Eng,Eng
tis,Eng,Eng
message,Eng,Eng
should,Eng,Eng
read,Eng,Eng
desh,Hin,Hin
drohi,Hin,Hin
salman,Hin,Ot
khurshid,Eng,Ot
amp,Hin,Ot
Ovessi,Hin,Ot
for,Eng,Eng
the,Eng,Eng
power,Eng,Eng
amp,Eng,Ot
love,Eng,Eng
of,Eng,Eng
bharat,Hin,Ot
mata,Hin,Hin
Well,Hin,Hin
done,Eng,Eng
desh mein fatwa totally ellegal amp offence,,
desh,Hin,Hin
mein,Hin,Hin
fatwa,Eng,Ot
totally,Eng,Eng
ellegal,Eng,Eng
amp,Eng,Ot
offence,Eng,Eng
So would Bharat Desh Ki Jai work Owaisi I have read abt u and u r much better thn this aks,,
So,Eng,Eng
would,Eng,Eng
Bharat,Hin,Ot
Desh,Hin,Hin
Ki,Hin,Hin
Jai,Hin,Hin
work,Eng,Eng
Owaisi,Hin,Ot
I,Hin,Hin
have,Eng,Eng
read,Hin,Eng
abt,Hin,Eng
u,Hin,Eng
and,Eng,Eng
u,Hin,Eng
r,Eng,Eng
much,Eng,Eng
better,Eng,Eng
thn,Eng,Eng
this,Hin,Eng
aks,Hin,Eng
is now the only option left to wake up the BJP and,,
is,Eng,Eng
now,Eng,Eng
the,Eng,Eng
only,Eng,Eng
option,Eng,Eng
left,Eng,Eng
to,Eng,Eng
wake,Eng,Eng
up,Eng,Eng
the,Eng,Eng
BJP,Eng,Ot
and,Eng,Eng
Ovesi Ji no one ask you by name to say Bharat mata ki jai but even though you try to instigate anti national and a Desh Stop sedition,,
Ovesi,Hin,Ot
Ji,Hin,Hin
no,Hin,Eng
one,Eng,Eng
ask,Eng,Eng
you,Eng,Eng
by,Eng,Eng
name,Eng,Eng
to,Eng,Eng
say,Hin,Eng
Bharat,Hin,Ot
mata,Hin,Hin
ki,Hin,Hin
jai,Hin,Hin
but,Eng,Eng
even,Eng,Eng
though,Eng,Eng
you,Eng,Eng
try,Eng,Eng
to,Eng,Eng
instigate,Eng,Eng
anti,Eng,Eng
national,Eng,Eng
and,Eng,Eng
a,Eng,Eng
Desh,Hin,Hin
Stop,Hin,Eng
sedition,Eng,Eng
Martin Guptill A perfect example of chaar din ki chaandni phir andheri raat,,
Martin,Eng,Ot
Guptill,Hin,Ot
A,Hin,Eng
perfect,Eng,Eng
example,Eng,Eng
of,Eng,Eng
chaar,Hin,Hin
din,Hin,Hin
ki,Hin,Hin
chaandni,Hin,Hin
phir,Hin,Hin
andheri,Hin,Hin
raat,Hin,Hin
char din ki chandni fir andheri raat robot will dance till battery lasts as manufacturer not interested in failed product,,
char,Hin,Hin
din,Hin,Hin
ki,Hin,Hin
chandni,Hin,Hin
fir,Hin,Hin
andheri,Hin,Hin
raat,Hin,Hin
robot,Eng,Eng
will,Eng,Eng
dance,Eng,Eng
till,Eng,Eng
battery,Eng,Eng
lasts,Eng,Eng
as,Eng,Eng
manufacturer,Eng,Eng
not,Eng,Eng
interested,Eng,Eng
in,Eng,Eng
failed,Eng,Eng
product,Eng,Eng
Meri aat Ou Mery Din Ay yar Khaak han ery Bin Gd Evg Frm M A S gt I Can t Live gt Without you,,
Meri,Hin,Hin
aat,Hin,Hin
Ou,Hin,Hin
Mery,Hin,Hin
Din,Hin,Hin
Ay,Hin,Hin
yar,Hin,Hin
Khaak,Hin,Hin
han,Hin,Hin
ery,Eng,Hin
Bin,Hin,Hin
Gd,Hin,Eng
Evg,Hin,Eng
Frm,Hin,Eng
M,Hin,Ot
A,Eng,Ot
S,Eng,Ot
gt,Hin,Ot
I,Hin,Eng
Can,Hin,Eng
t,Hin,Eng
Live,Hin,Eng
gt,Hin,Ot
Without,Hin,Eng
you,Eng,Eng
19 mein Desh dega SS amp BJPites Scoundrels se Azaadi Wait fr VS Polls esults May 16 amp see where you stand,,
19,O,Ot
mein,Hin,Hin
Desh,Hin,Hin
dega,Hin,Hin
SS,Hin,Ot
amp,Eng,Ot
BJPites,Eng,Ot
Scoundrels,Eng,Eng
se,Eng,Hin
Azaadi,Hin,Hin
Wait,Hin,Eng
fr,Eng,Eng
VS,Eng,Ot
Polls,Eng,Eng
esults,Eng,Eng
May,Eng,Eng
16,O,O
amp,Eng,Ot
see,Eng,Eng
where,Eng,Eng
you,Eng,Eng
stand,Eng,Eng
Sara ab h k ab bhi hain All dose who r using of,,
Sara,Hin,Hin
ab,Hin,Hin
h,Hin,Hin
k,Hin,Hin
ab,Hin,Hin
bhi,Hin,Hin
hain,Hin,Hin
All,Eng,Eng
dose,Eng,Eng
who,Eng,Eng
r,Eng,Eng
using,Eng,Eng
of,Eng,Eng
gud news Kis desh mein Hai Mera dil back on star utsav Frm 4th April 6 30pm,,
gud,Hin,Eng
news,Hin,Eng
Kis,Hin,Hin
desh,Hin,Hin
mein,Hin,Hin
Hai,Hin,Hin
Mera,Hin,Hin
dil,Hin,Hin
back,Hin,Eng
on,Eng,Eng
star,Eng,Eng
utsav,Hin,Hin
Frm,Eng,Eng
4th,Eng,Ot
April,Eng,Ot
6,O,Ot
30pm,Eng,Ot
m gud news Kis desh mein Hai Mera dil back on star utsav Frm 4th April 6 30pm,,
m,Hin,Hin
gud,Hin,Eng
news,Hin,Eng
Kis,Hin,Hin
desh,Hin,Hin
mein,Hin,Hin
Hai,Hin,Hin
Mera,Hin,Hin
dil,Hin,Hin
back,Hin,Eng
on,Eng,Eng
star,Eng,Eng
utsav,Hin,Hin
Frm,Eng,Eng
4th,Eng,Ot
April,Eng,Ot
6,O,Ot
30pm,Eng,Ot
India wouldnt have crossed 80 runs mark if the match was in Auckland Bloody ghar ke sher,,
India,Eng,Ot
wouldnt,Eng,Eng
have,Eng,Eng
crossed,Eng,Eng
80,O,Ot
runs,Eng,Eng
mark,Eng,Eng
if,Eng,Eng
the,Eng,Eng
match,Eng,Eng
was,Eng,Eng
in,Eng,Eng
Auckland,Eng,Ot
Bloody,Eng,Eng
ghar,Hin,Hin
ke,Hin,Hin
sher,Hin,Ot
Ovesi need to be kicked out of India Is desh me rehana hoga Bharat ma ki jai kehna hoga,,
Ovesi,Hin,Ot
need,Hin,Eng
to,Eng,Eng
be,Eng,Eng
kicked,Eng,Eng
out,Eng,Eng
of,Eng,Eng
India,Eng,Ot
Is,Hin,Hin
desh,Hin,Hin
me,Hin,Hin
rehana,Hin,Hin
hoga,Hin,Hin
Bharat,Hin,Hin
ma,Hin,Hin
ki,Hin,Hin
jai,Hin,Hin
kehna,Hin,Hin
hoga,Hin,Hin
that s called ghar me ghus ke marna,,
that,Eng,Eng
s,Eng,Eng
called,Eng,Eng
ghar,Hin,Hin
me,Hin,Hin
ghus,Hin,Hin
ke,Hin,Hin
marna,Hin,Hin
Ghar ke shair Ghar mein dhair expected headlines in Pakistani media,,
Ghar,Hin,Hin
ke,Hin,Hin
shair,Hin,Ot
Ghar,Hin,Hin
mein,Hin,Hin
dhair,Eng,Hin
expected,Eng,Eng
headlines,Eng,Eng
in,Eng,Eng
Pakistani,Eng,Ot
media,Eng,Eng