Anybody suggest me What am I do aat bhar Din bhar Must comments feeling confused,,
Anybody,Eng,Eng
suggest,Eng,Eng
me,Hin,Hin
What,Hin,Hin
am,Eng,Eng
I,Hin,Eng
do,Hin,Eng
aat,Hin,Hin
bhar,Hin,Hin
Din,Hin,Hin
bhar,Hin,Hin
Must,Hin,Hin
comments,Eng,Eng
feeling,Eng,Eng
confused,Eng,Eng
oh that s ok Just some misled youths Nothing to do with Islam Don t link religion to this SS,,
oh,Hin,Eng
that,Hin,Eng
s,Hin,Eng
ok,Hin,Eng
Just,Hin,Eng
some,Eng,Eng
misled,Eng,Eng
youths,Eng,Eng
Nothing,Eng,Eng
to,Eng,Eng
do,Eng,Eng
with,Eng,Eng
Islam,Eng,Ot
Don,Eng,Eng
t,Eng,Eng
link,Eng,Eng
religion,Eng,Eng
to,Eng,Eng
this,Eng,Eng
SS,Eng,Ot
Obviously esult Day Ke Baad o Ghar Se Nahin Nikalna 3,,
Obviously,Eng,Eng
esult,Eng,Eng
Day,Hin,Eng
Ke,Hin,Hin
Baad,Hin,Hin
o,Hin,Hin
Ghar,Hin,Hin
Se,Hin,Hin
Nahin,Hin,Hin
Nikalna,Hin,Hin
3,O,Ot
dekho Bhai 1947 se pahle hum ek the per attack to mat karo development karo sukun se hame jine do Aur bhi aap Bhi jiyo,,
dekho,Hin,Hin
Bhai,Hin,Hin
1947,O,Ot
se,Hin,Hin
pahle,Hin,Hin
hum,Hin,Hin
ek,Hin,Hin
the,Hin,Hin
per,Eng,Hin
attack,Eng,Eng
to,Eng,Hin
mat,Hin,Hin
karo,Hin,Hin
development,Eng,Eng
karo,Hin,Hin
sukun,Hin,Hin
se,Hin,Hin
hame,Hin,Hin
jine,Hin,Hin
do,Hin,Hin
Aur,Hin,Hin
bhi,Hin,Hin
aap,Hin,Hin
Bhi,Hin,Hin
jiyo,Hin,Hin
what about your dear friend laluji phale apna ghar sambhalo bahi fir sochho agle ke bare me,,
what,Eng,Eng
about,Eng,Eng
your,Hin,Eng
dear,Eng,Eng
friend,Hin,Eng
laluji,Hin,Ot
phale,Hin,Hin
apna,Hin,Hin
ghar,Hin,Hin
sambhalo,Hin,Hin
bahi,Hin,Hin
fir,Hin,Hin
sochho,Hin,Hin
agle,Hin,Hin
ke,Hin,Hin
bare,Hin,Hin
me,Hin,Hin
Nehru family has made excuses for 60 years like Garibi hatao aur Nehru Parivar ke haath mein desh ka luta hua pesa,,
Nehru,Eng,Ot
family,Eng,Eng
has,Eng,Eng
made,Eng,Eng
excuses,Eng,Eng
for,Eng,Eng
60,O,Ot
years,Eng,Eng
like,Eng,Eng
Garibi,Hin,Hin
hatao,Hin,Hin
aur,Hin,Hin
Nehru,Hin,Ot
Parivar,Hin,Hin
ke,Hin,Hin
haath,Hin,Hin
mein,Hin,Hin
desh,Hin,Hin
ka,Hin,Hin
luta,Hin,Hin
hua,Hin,Hin
pesa,Hin,Hin
Nehru family has made excuses for 60 years like Garibi hatao aur Nehru Parivar ke haath mein desh ka luta hua pesa,,
Nehru,Eng,Ot
family,Eng,Eng
has,Eng,Eng
made,Eng,Eng
excuses,Eng,Eng
for,Eng,Eng
60,O,Ot
years,Eng,Eng
like,Eng,Eng
Garibi,Hin,Hin
hatao,Hin,Hin
aur,Hin,Hin
Nehru,Hin,Hin
Parivar,Hin,Hin
ke,Hin,Hin
haath,Hin,Hin
mein,Hin,Hin
desh,Hin,Hin
ka,Hin,Hin
luta,Hin,Hin
hua,Hin,Hin
pesa,Hin,Hin
NAN DINI Nehru family has made excuses for 60 years like Garibi hatao aur Nehru Parivar ke haath mein desh ka luta hua pesa,,
NAN,Hin,Ot
DINI,Hin,Ot
Nehru,Eng,Ot
family,Eng,Eng
has,Eng,Eng
made,Eng,Eng
excuses,Eng,Eng
for,Eng,Eng
60,O,Ot
years,Eng,Eng
like,Eng,Eng
Garibi,Hin,Hin
hatao,Hin,Hin
aur,Hin,Hin
Nehru,Hin,Hin
Parivar,Hin,Hin
ke,Hin,Hin
haath,Hin,Hin
mein,Hin,Hin
desh,Hin,Hin
ka,Hin,Hin
luta,Hin,Hin
hua,Hin,Hin
pesa,Hin,Hin
Nehru family has made excuses for 60 years like Garibi hatao aur Nehru Parivar ke haath mein desh ka luta hua pesa,,
Nehru,Eng,Ot
family,Eng,Eng
has,Eng,Eng
made,Eng,Eng
excuses,Eng,Eng
for,Eng,Eng
60,O,Ot
years,Eng,Eng
like,Eng,Eng
Garibi,Hin,Hin
hatao,Hin,Hin
aur,Hin,Hin
Nehru,Hin,Hin
Parivar,Hin,Hin
ke,Hin,Hin
haath,Hin,Hin
mein,Hin,Hin
desh,Hin,Hin
ka,Hin,Hin
luta,Hin,Hin
hua,Hin,Hin
pesa,Hin,Hin
congress for sure bjp Seems similar only hope AAP else desh Gaya rasatal mein,,
congress,Eng,Ot
for,Eng,Eng
sure,Eng,Eng
bjp,Eng,Ot
Seems,Eng,Eng
similar,Eng,Eng
only,Eng,Eng
hope,Hin,Eng
AAP,Hin,Ot
else,Hin,Eng
desh,Hin,Hin
Gaya,Hin,Hin
rasatal,Hin,Hin
mein,Hin,Hin
Karnal Chor Police Or Nasha Ghar Me Ghuse Chor Nashe Me Phuche Police Ke PC Incharge handedar Breaking,,
Karnal,Eng,Ot
Chor,Hin,Hin
Police,Hin,Eng
Or,Hin,Hin
Nasha,Hin,Hin
Ghar,Hin,Hin
Me,Hin,Hin
Ghuse,Hin,Hin
Chor,Hin,Hin
Nashe,Hin,Hin
Me,Hin,Hin
Phuche,Hin,Hin
Police,Hin,Eng
Ke,Eng,Hin
PC,Eng,Hin
Incharge,Eng,Eng
handedar,Eng,Eng
Breaking,Eng,Eng
it was fixed mama ke ghar,,
it,Eng,Eng
was,Eng,Eng
fixed,Eng,Eng
mama,Eng,Hin
ke,Hin,Hin
ghar,Hin,Hin
Mere ghar ke pass loudspeaker baj rha hai Nd u knw which song they r playing abg se ang lagana sajan hme aise rang lagana,,
Mere,Hin,Hin
ghar,Hin,Hin
ke,Hin,Hin
pass,Eng,Hin
loudspeaker,Hin,Hin
baj,Hin,Hin
rha,Hin,Hin
hai,Hin,Hin
Nd,Hin,Eng
u,Hin,Eng
knw,Hin,Eng
which,Eng,Eng
song,Eng,Eng
they,Eng,Eng
r,Eng,Eng
playing,Eng,Eng
abg,Eng,Hin
se,Hin,Hin
ang,Hin,Hin
lagana,Hin,Hin
sajan,Hin,Hin
hme,Hin,Hin
aise,Hin,Hin
rang,Hin,Hin
lagana,Hin,Hin
extravagant commitments in international climate summit by was a jhumla to confuse the global community,,
extravagant,Eng,Eng
commitments,Eng,Eng
in,Eng,Eng
international,Eng,Eng
climate,Eng,Eng
summit,Eng,Eng
by,Eng,Eng
was,Eng,Eng
a,Hin,Hin
jhumla,Hin,Ot
to,Eng,Eng
confuse,Eng,Eng
the,Eng,Eng
global,Eng,Eng
community,Eng,Eng
Sacrificing your life for Bharat at an early age of 23 amp inspiring several Salute Bhagat Singh ajguru amp Sukhdev https,,
Sacrificing,Eng,Eng
your,Eng,Eng
life,Eng,Eng
for,Eng,Eng
Bharat,Hin,Ot
at,Hin,Eng
an,Eng,Eng
early,Eng,Eng
age,Eng,Eng
of,Eng,Eng
23,O,Ot
amp,Eng,Ot
inspiring,Eng,Eng
several,Eng,Eng
Salute,Eng,Eng
Bhagat,Hin,Ot
Singh,Hin,Ot
ajguru,Eng,Ot
amp,Eng,Ot
Sukhdev,Eng,Ot
https,Eng,?
tum ho to harr raat diwali harr din meri holi hai hank you everyone for colouring up my virtual,,
tum,Hin,Hin
ho,Hin,Hin
to,Hin,Hin
harr,Hin,Hin
raat,Hin,Hin
diwali,Hin,Hin
harr,Hin,Hin
din,Hin,Hin
meri,Hin,Hin
holi,Hin,Hin
hai,Hin,Hin
hank,Hin,Eng
you,Hin,Eng
everyone,Eng,Eng
for,Eng,Eng
colouring,Eng,Eng
up,Eng,Eng
my,Eng,Eng
virtual,Eng,Eng
Its a big greif that kya ho raha is desh mein,,
Its,Eng,Eng
a,Eng,Eng
big,Eng,Eng
greif,Eng,Eng
that,Hin,Eng
kya,Hin,Hin
ho,Hin,Hin
raha,Hin,Hin
is,Hin,Hin
desh,Hin,Hin
mein,Hin,Hin
How do horses make sexist jokes Din mein dream raat ko nightmare and then laugh neighehe showing their big teeth,,
How,Eng,Eng
do,Eng,Eng
horses,Eng,Ot
make,Eng,Eng
sexist,Eng,Eng
jokes,Eng,Eng
Din,Hin,Hin
mein,Hin,Hin
dream,Hin,Eng
raat,Hin,Hin
ko,Hin,Hin
nightmare,Eng,Eng
and,Eng,Eng
then,Eng,Eng
laugh,Eng,Eng
neighehe,Eng,Eng
showing,Eng,Eng
their,Eng,Eng
big,Eng,Eng
teeth,Eng,Eng
is fabulous is a class act is wow maza aa gaya inke ghar mein ghus ke,,
is,Eng,Eng
fabulous,Eng,Eng
is,Eng,Eng
a,Eng,Eng
class,Eng,Eng
act,Eng,Eng
is,Eng,Eng
wow,Hin,Hin
maza,Hin,Hin
aa,Hin,Hin
gaya,Hin,Hin
inke,Hin,Hin
ghar,Hin,Hin
mein,Hin,Hin
ghus,Hin,Hin
ke,Hin,Hin
Why amp Supporters see red when is willing 2 tolerate PDP and establish democratic working relation,,
Why,Eng,Eng
amp,Eng,Ot
Supporters,Eng,Eng
see,Eng,Eng
red,Eng,Eng
when,Eng,Eng
is,Eng,Eng
willing,Eng,Eng
2,O,Ot
tolerate,Eng,Eng
PDP,Eng,Ot
and,Eng,Eng
establish,Eng,Eng
democratic,Eng,Eng
working,Eng,Eng
relation,Eng,Eng
Conscience Who is bigger me or that Dr Bhimrao Ambedkar Can you find his name on the plaque quite easily https,,
Conscience,Eng,Eng
Who,Eng,Eng
is,Eng,Eng
bigger,Eng,Eng
me,Eng,Eng
or,Eng,Eng
that,Eng,Eng
Dr,Eng,Ot
Bhimrao,Hin,Ot
Ambedkar,Hin,Ot
Can,Hin,Hin
you,Eng,Eng
find,Eng,Eng
his,Eng,Eng
name,Eng,Eng
on,Eng,Eng
the,Eng,Eng
plaque,Eng,Eng
quite,Eng,Eng
easily,Eng,Eng
https,Eng,?
PM Much needed,,
PM,Eng,Eng
Much,Eng,Eng
needed,Eng,Eng
PL ADD LINE HEY AE EQUESED O LEAVE OU BHAA DESH A ONCE NOW HANKS,,
PL,Eng,Ot
ADD,Eng,Eng
LINE,Hin,Eng
HEY,Hin,Eng
AE,Hin,Eng
EQUESED,Hin,Eng
O,Hin,Eng
LEAVE,Hin,Eng
OU,Hin,Eng
BHAA,Hin,Ot
DESH,Hin,Hin
A,Hin,Eng
ONCE,Hin,Eng
NOW,Hin,Eng
HANKS,Hin,Eng
Bharat mata means comparing Bharat desh with our mother to whom we love very much so what we do if anyone say bad for our mother,,
Bharat,Hin,Ot
mata,Hin,Hin
means,Eng,Eng
comparing,Eng,Eng
Bharat,Hin,Ot
desh,Hin,Hin
with,Eng,Eng
our,Eng,Eng
mother,Eng,Eng
to,Eng,Eng
whom,Eng,Eng
we,Eng,Eng
love,Eng,Eng
very,Eng,Eng
much,Eng,Eng
so,Hin,Eng
what,Eng,Eng
we,Eng,Eng
do,Eng,Eng
if,Eng,Eng
anyone,Eng,Eng
say,Eng,Eng
bad,Eng,Eng
for,Eng,Eng
our,Eng,Eng
mother,Eng,Eng
Swachh Bharat Swachh Chhattisgarh 1849 villages in the state now open defecation free via NMApp,,
Swachh,Hin,Hin
Bharat,Hin,Ot
Swachh,Hin,Hin
Chhattisgarh,Eng,Ot
1849,O,Ot
villages,Eng,Eng
in,Eng,Eng
the,Eng,Eng
state,Eng,Eng
now,Eng,Eng
open,Eng,Eng
defecation,Eng,Eng
free,Eng,Eng
via,Eng,Eng
NMApp,Eng,Mix
Such a wrong message Murder amp rape attempts amp never sent to jail Worst yeh twinj ke ghar mein rehta hai Such bs,,
Such,Eng,Eng
a,Eng,Eng
wrong,Eng,Eng
message,Eng,Eng
Murder,Eng,Eng
amp,Eng,Ot
rape,Eng,Eng
attempts,Eng,Eng
amp,Eng,Ot
never,Eng,Eng
sent,Eng,Eng
to,Eng,Eng
jail,Eng,Eng
Worst,Eng,Eng
yeh,Eng,Hin
twinj,Eng,Hin
ke,Hin,Hin
ghar,Hin,Hin
mein,Hin,Hin
rehta,Hin,Hin
hai,Hin,Hin
Such,Hin,Hin
bs,Eng,Hin
Ji wish u a very very Happy holi After Ind win today din mein Holi aur raat ko Diwali,,
Ji,Hin,Hin
wish,Eng,Eng
u,Eng,Eng
a,Eng,Eng
very,Eng,Eng
very,Hin,Eng
Happy,Hin,Eng
holi,Eng,Eng
After,Hin,Eng
Ind,Eng,Ot
win,Eng,Eng
today,Eng,Eng
din,Hin,Hin
mein,Hin,Hin
Holi,Hin,Hin
aur,Hin,Hin
raat,Hin,Hin
ko,Hin,Hin
Diwali,Hin,Hin
Fadnavis hanks to all employees of Marathwada Shikshan Prasarak Mandal for contribution of 29 29 183 towardsCM elief Fund http,,
Fadnavis,Eng,Ot
hanks,Eng,Eng
to,Eng,Eng
all,Eng,Eng
employees,Eng,Eng
of,Eng,Eng
Marathwada,Eng,Ot
Shikshan,Hin,Ot
Prasarak,Hin,Ot
Mandal,Eng,Hin
for,Eng,Eng
contribution,Eng,Eng
of,Eng,Eng
29,O,Ot
29,O,Ot
183,O,Ot
towardsCM,Eng,Mix
elief,Eng,Eng
Fund,Eng,Eng
http,Eng,Eng
Not HOLI photo It is Color un Christians r trying to copy Holi Attempt to DIGES Hindu culture,,
Not,Hin,Eng
HOLI,Hin,Eng
photo,Hin,Eng
It,Eng,Eng
is,Eng,Eng
Color,Eng,Eng
un,Eng,Eng
Christians,Eng,Ot
r,Eng,Eng
trying,Eng,Eng
to,Eng,Eng
copy,Hin,Eng
Holi,Eng,Eng
Attempt,Eng,Eng
to,Eng,Eng
DIGES,Hin,Eng
Hindu,Eng,Ot
culture,Eng,Eng
I bow to Bhagat Singh ajguru and Sukhdev on their martyrdom day amp salute their indomitable valour amp patriotism that ins,,
I,Eng,Eng
bow,Eng,Eng
to,Eng,Eng
Bhagat,Hin,Ot
Singh,Hin,Ot
ajguru,Eng,Ot
and,Eng,Eng
Sukhdev,Eng,Ot
on,Eng,Eng
their,Eng,Eng
martyrdom,Eng,Eng
day,Eng,Eng
amp,Eng,Ot
salute,Eng,Eng
their,Eng,Eng
indomitable,Eng,Eng
valour,Eng,Eng
amp,Eng,Ot
patriotism,Eng,Eng
that,Eng,Eng
ins,Eng,Eng
Beti Bachao Beti Padhao awareness programme attended by State Health Min held at sub divisional level in Mandi HP https,,
Beti,Hin,Hin
Bachao,Hin,Hin
Beti,Hin,Hin
Padhao,Hin,Hin
awareness,Eng,Eng
programme,Eng,Eng
attended,Eng,Eng
by,Eng,Eng
State,Eng,Eng
Health,Eng,Eng
Min,Eng,Eng
held,Eng,Eng
at,Eng,Eng
sub,Eng,Eng
divisional,Eng,Eng
level,Eng,Eng
in,Eng,Eng
Mandi,Eng,Ot
HP,Eng,Ot
https,Eng,?
Fadnavis Heartiest Birthday Greetings Hon ble ji Wishing you a long life and good health,,
Fadnavis,Eng,Ot
Heartiest,Eng,Ot
Birthday,Eng,Eng
Greetings,Eng,Eng
Hon,Eng,Eng
ble,Eng,Eng
ji,Eng,Hin
Wishing,Eng,Eng
you,Eng,Eng
a,Eng,Eng
long,Eng,Eng
life,Eng,Eng
and,Eng,Eng
good,Eng,Eng
health,Eng,Eng
raditional Phuldol Utsav at Dwarkadheesh temple today amid devotion amp fanfare,,
raditional,Eng,Eng
Phuldol,Hin,Hin
Utsav,Hin,Hin
at,Hin,Eng
Dwarkadheesh,Eng,Ot
temple,Eng,Eng
today,Eng,Eng
amid,Eng,Eng
devotion,Eng,Eng
amp,Eng,Ot
fanfare,Eng,Eng
We remember Bhagat Singh ajguru amp Sukhdev on their Martyrdom Day amp salute their patriotism,,
We,Eng,Eng
remember,Eng,Eng
Bhagat,Hin,Ot
Singh,Hin,Ot
ajguru,Eng,Ot
amp,Eng,Ot
Sukhdev,Eng,Ot
on,Eng,Eng
their,Eng,Eng
Martyrdom,Eng,Eng
Day,Eng,Eng
amp,Eng,Ot
salute,Eng,Eng
their,Eng,Eng
patriotism,Eng,Eng
Falguni Purnima 1407 Samvat is also anniversary of Chaitanya Mahaprabhuji a Krishna devotee only of his kind,,
Falguni,Eng,Ot
Purnima,Hin,Ot
1407,O,Ot
Samvat,Eng,Ot
is,Eng,Eng
also,Eng,Eng
anniversary,Eng,Eng
of,Eng,Eng
Chaitanya,Eng,Ot
Mahaprabhuji,Eng,Ot
a,Eng,Eng
Krishna,Eng,Ot
devotee,Eng,Eng
only,Eng,Eng
of,Eng,Eng
his,Eng,Eng
kind,Eng,Eng
Birthday greetings to my Cabinet colleague ji May Almighty bless her with a long life amp good health,,
Birthday,Eng,Eng
greetings,Eng,Eng
to,Eng,Eng
my,Eng,Eng
Cabinet,Eng,Eng
colleague,Eng,Eng
ji,Eng,Hin
May,Eng,Eng
Almighty,Eng,Eng
bless,Eng,Eng
her,Eng,Eng
with,Eng,Eng
a,Eng,Eng
long,Eng,Eng
life,Eng,Eng
amp,Eng,Ot
good,Eng,Eng
health,Eng,Eng
I join the whole nation in paying tribute to the true martyrdom of Amar Shaheed Bhagat Singh ajguru amp Sukhdev,,
I,Eng,Eng
join,Eng,Eng
the,Eng,Eng
whole,Eng,Eng
nation,Eng,Eng
in,Eng,Eng
paying,Eng,Eng
tribute,Eng,Eng
to,Eng,Eng
the,Eng,Eng
TRUE,Eng,Eng
martyrdom,Eng,Eng
of,Eng,Eng
Amar,Eng,Ot
Shaheed,Eng,Hin
Bhagat,Hin,Ot
Singh,Hin,Ot
ajguru,Eng,Ot
amp,Eng,Ot
Sukhdev,Eng,Ot
Can you read and understand this from Gita We need to start teaching Sanskrit,,
Can,Hin,Eng
you,Hin,Eng
read,Eng,Eng
and,Eng,Eng
understand,Eng,Eng
this,Eng,Eng
from,Eng,Eng
Gita,Hin,Ot
We,Hin,Eng
need,Eng,Eng
to,Eng,Eng
start,Eng,Eng
teaching,Eng,Eng
Sanskrit,Eng,Eng
Fadnavis hank youGSB Sarvajanik Ganeshotsava Samithi for contribution of 3 00 000towards CM elief Fund for drought relief http,,
Fadnavis,Eng,Ot
hank,Eng,Eng
youGSB,Hin,Mix
Sarvajanik,Hin,Ot
Ganeshotsava,Eng,Ot
Samithi,Eng,Ot
for,Eng,Eng
contribution,Eng,Eng
of,Eng,Eng
3,O,Ot
0,O,Ot
000towards,Eng,Mix
CM,Eng,Eng
elief,Eng,Eng
Fund,Eng,Eng
for,Eng,Eng
drought,Eng,Eng
relief,Eng,Eng
http,Eng,?
Launched in August 2014 here is how Digital Literacy Programme has performed,,
Launched,Eng,Eng
in,Eng,Eng
August,Eng,Ot
2014,O,Ot
here,Eng,Eng
is,Eng,Eng
how,Eng,Eng
Digital,Eng,Eng
Literacy,Eng,Eng
Programme,Eng,Eng
has,Eng,Eng
performed,Eng,Eng
ed Cruz who is being pushed as GOP candidate is not Good for Hindus He supported Conversion activities,,
ed,Eng,Eng
Cruz,Eng,Eng
who,Eng,Eng
is,Eng,Eng
being,Eng,Eng
pushed,Eng,Eng
as,Eng,Eng
GOP,Eng,Ot
candidate,Eng,Eng
is,Eng,Eng
not,Eng,Eng
Good,Hin,Eng
for,Eng,Eng
Hindus,Eng,Ot
He,Eng,Eng
supported,Eng,Eng
Conversion,Eng,Eng
activities,Eng,Eng
Fadnavis Had a very good meeting with Mr J eeves Consul General of Canada and the business delegation,,
Fadnavis,Eng,Ot
Had,Eng,Eng
a,Eng,Eng
very,Eng,Eng
good,Eng,Eng
meeting,Eng,Eng
with,Eng,Eng
Mr,Eng,Eng
J,Eng,Ot
eeves,Eng,Ot
Consul,Eng,Ot
General,Eng,Eng
of,Eng,Eng
Canada,Eng,Ot
and,Eng,Eng
the,Eng,Eng
business,Eng,Eng
delegation,Eng,Eng
Formal handover with MIHAN was completed for development of IIM AIIMS and Government Engineering College in Nagpur https,,
Formal,Eng,Eng
handover,Eng,Eng
with,Eng,Eng
MIHAN,Eng,Ot
was,Eng,Eng
completed,Eng,Eng
for,Eng,Eng
development,Eng,Eng
of,Eng,Eng
IIM,Eng,Ot
AIIMS,Eng,Ot
and,Eng,Eng
Government,Eng,Eng
Engineering,Eng,Eng
College,Eng,Eng
in,Eng,Eng
Nagpur,Eng,Ot
https,Eng,?
eviewed preparations for setting up of 60MMPA Mega efinery in the coastal Maharashtra,,
eviewed,Eng,Eng
preparations,Eng,Eng
for,Eng,Eng
setting,Eng,Eng
up,Eng,Eng
of,Eng,Eng
60MMPA,Eng,Mix
Mega,Eng,Eng
efinery,Eng,Eng
in,Eng,Eng
the,Eng,Eng
coastal,Eng,Eng
Maharashtra,Eng,Ot
After attending Vidhan Sabha session listened grievances of the citizens amp instructed officials to resolve them https,,
After,Eng,Eng
attending,Eng,Eng
Vidhan,Eng,Ot
Sabha,Eng,Ot
session,Eng,Eng
listened,Eng,Eng
grievances,Eng,Eng
of,Eng,Eng
the,Eng,Eng
citizens,Eng,Eng
amp,Eng,Ot
instructed,Eng,Eng
officials,Eng,Eng
to,Eng,Eng
resolve,Eng,Eng
them,Eng,Eng
https,Eng,?
HM Sh ajnath Singh inspects 181st aising Day parade of Assam ifles in Shillong,,
HM,Hin,Ot
Sh,Eng,Ot
ajnath,Eng,Ot
Singh,Eng,Ot
inspects,Eng,Eng
181st,Eng,Ot
aising,Eng,Eng
Day,Eng,Eng
parade,Eng,Eng
of,Eng,Eng
Assam,Eng,Ot
ifles,Eng,Eng
in,Eng,Eng
Shillong,Eng,Ot
news Decision will not bother us in any way DMK leader MK Stalin on PWF DMDK alliance,,
news,Eng,Eng
Decision,Eng,Eng
will,Eng,Eng
not,Eng,Eng
bother,Eng,Eng
us,Eng,Eng
in,Eng,Eng
any,Eng,Eng
way,Eng,Eng
DMK,Eng,Ot
leader,Eng,Eng
MK,Eng,Ot
Stalin,Eng,Ot
on,Eng,Eng
PWF,Eng,Ot
DMDK,Eng,Ot
alliance,Eng,Eng
here is no Meaning of Holi Wishes without remember our Heroes Happy Holi Ek Desh Ek Naam Jai Bharat,,
here,Eng,Eng
is,Eng,Eng
no,Eng,Eng
Meaning,Eng,Eng
of,Eng,Eng
Holi,Hin,Eng
Wishes,Eng,Eng
without,Eng,Eng
remember,Eng,Eng
our,Eng,Eng
Heroes,Eng,Eng
Happy,Eng,Eng
Holi,Hin,Eng
Ek,Hin,Hin
Desh,Hin,Hin
Ek,Hin,Hin
Naam,Hin,Hin
Jai,Hin,Hin
Bharat,Hin,Ot
vanshi thanku u can go back to ur deep slumber now din mein bhi soote hoon aur mein raat mein bhi mehnat karta huin shame on me,,
vanshi,Hin,Ot
thanku,Hin,Eng
u,Hin,Eng
can,Eng,Eng
go,Eng,Eng
back,Eng,Eng
to,Eng,Eng
ur,Eng,Eng
deep,Eng,Eng
slumber,Eng,Eng
now,Eng,Eng
din,Hin,Hin
mein,Hin,Hin
bhi,Hin,Hin
soote,Hin,Hin
hoon,Hin,Hin
aur,Hin,Hin
mein,Hin,Hin
raat,Hin,Hin
mein,Hin,Hin
bhi,Hin,Hin
mehnat,Hin,Hin
karta,Hin,Hin
huin,Hin,Hin
shame,Eng,Eng
on,Eng,Eng
me,Hin,Eng
Bangalore mein Bangladesh aur apna desh Let s have a repeat of the Asia Cup final,,
Bangalore,Hin,Ot
mein,Hin,Hin
Bangladesh,Hin,Ot
aur,Hin,Hin
apna,Hin,Hin
desh,Hin,Hin
Let,Hin,Eng
s,Eng,Eng
have,Eng,Eng
a,Eng,Eng
repeat,Eng,Eng
of,Eng,Eng
the,Eng,Eng
Asia,Eng,Ot
Cup,Eng,Eng
final,Eng,Eng
Abdullah then all mosques also should open their doors to women Dusron ke ghar pe jhank ne sey pehle apna ghar saaf rakho,,
Abdullah,Eng,Ot
then,Eng,Eng
all,Eng,Eng
mosques,Eng,Ot
also,Eng,Eng
should,Eng,Eng
open,Eng,Eng
their,Eng,Eng
doors,Eng,Eng
to,Eng,Eng
women,Hin,Eng
Dusron,Hin,Hin
ke,Hin,Hin
ghar,Hin,Hin
pe,Hin,Hin
jhank,Hin,Hin
ne,Hin,Hin
sey,Hin,Hin
pehle,Hin,Hin
apna,Hin,Hin
ghar,Hin,Hin
saaf,Hin,Hin
rakho,Hin,Hin
espected Sirs what do you all have to say about all this happening in BHAA DESH,,
espected,Eng,Eng
Sirs,Eng,Eng
what,Eng,Eng
do,Eng,Eng
you,Hin,Eng
all,Eng,Eng
have,Eng,Eng
to,Eng,Eng
say,Eng,Eng
about,Eng,Eng
all,Eng,Eng
this,Eng,Eng
happening,Eng,Eng
in,Hin,Hin
BHAA,Hin,Ot
DESH,Hin,Hin
I should get my beard a lil trimmed Kal Sbhi ke Ghar jaa ke Holi se Bhrenge sbko Will Post Pics of them p,,
I,Eng,Eng
should,Eng,Eng
get,Eng,Eng
my,Eng,Eng
beard,Eng,Eng
a,Eng,Eng
lil,Eng,Eng
trimmed,Eng,Eng
Kal,Eng,Hin
Sbhi,Hin,Hin
ke,Hin,Hin
Ghar,Hin,Hin
jaa,Hin,Hin
ke,Hin,Hin
Holi,Hin,Eng
se,Hin,Hin
Bhrenge,Hin,Hin
sbko,Hin,Hin
Will,Eng,Eng
Post,Eng,Eng
Pics,Eng,Eng
of,Eng,Eng
them,Eng,Eng
p,Eng,Ot
espected Sirs what do you all have to say about all this happening in BHAA DE,,
espected,Eng,Eng
Sirs,Eng,Eng
what,Eng,Eng
do,Eng,Eng
you,Hin,Eng
all,Eng,Eng
have,Eng,Eng
to,Eng,Eng
say,Eng,Eng
about,Eng,Eng
all,Eng,Eng
this,Eng,Eng
happening,Eng,Eng
in,Hin,Eng
BHAA,Hin,Ot
DE,Hin,Hin
plz reply who converted Ganga to Ganges ramaya Mahabharata to mythology am to ama Ganesh to Ganesha conversion of ourroots,,
plz,Hin,Eng
reply,Eng,Eng
who,Eng,Eng
converted,Eng,Eng
Ganga,Eng,Ot
to,Eng,Eng
Ganges,Eng,Ot
ramaya,Eng,Ot
Mahabharata,Hin,Ot
to,Eng,Eng
mythology,Eng,Eng
am,Eng,Eng
to,Eng,Eng
ama,Hin,Hin
Ganesh,Hin,Ot
to,Hin,Hin
Ganesha,Eng,Ot
conversion,Eng,Eng
of,Eng,Eng
ourroots,Eng,Eng
Jab khud ke ghar mein aag lagti hain hen it burns Feel Brussels pain How many times have we been through this,,
Jab,Hin,Hin
khud,Hin,Hin
ke,Hin,Hin
ghar,Hin,Hin
mein,Hin,Hin
aag,Hin,Hin
lagti,Hin,Hin
hain,Hin,Hin
hen,Hin,Eng
it,Eng,Eng
burns,Eng,Eng
Feel,Eng,Eng
Brussels,Eng,Eng
pain,Eng,Eng
How,Eng,Eng
many,Eng,Eng
times,Eng,Eng
have,Eng,Eng
we,Eng,Eng
been,Eng,Eng
through,Eng,Eng
this,Eng,Eng
he most important is to be strong Mentally that s why shaadi ke baad larkyan ghar chorti hain larke nahi,,
he,Eng,Eng
most,Eng,Eng
important,Eng,Eng
is,Eng,Eng
to,Eng,Eng
be,Eng,Eng
strong,Eng,Eng
Mentally,Eng,Eng
that,Eng,Eng
s,Hin,Eng
why,Hin,Eng
shaadi,Hin,Hin
ke,Hin,Hin
baad,Hin,Hin
larkyan,Hin,Hin
ghar,Hin,Hin
chorti,Hin,Hin
hain,Hin,Hin
larke,Hin,Hin
nahi,Hin,Hin
Jo desh ka nahi he should nowhere in india should ENE Bhaiyaa Bharat mata ki jay,,
Jo,Hin,Hin
desh,Hin,Hin
ka,Hin,Hin
nahi,Hin,Hin
he,Hin,Eng
should,Eng,Eng
nowhere,Eng,Eng
in,Eng,Eng
india,Eng,Ot
should,Hin,Eng
ENE,Hin,Ot
Bhaiyaa,Hin,Hin
Bharat,Hin,Ot
mata,Hin,Hin
ki,Hin,Hin
jay,Hin,Hin