AK tends to look for a political formala II ka hai na Looks up to Modi for that emember the hasty desh mein Modi Dill kejri,,
AK,Eng,Ot
tends,Eng,Eng
to,Eng,Eng
look,Eng,Eng
for,Eng,Eng
a,Eng,Eng
political,Eng,Eng
formala,Eng,Eng
II,Hin,ot
ka,Hin,Hin
hai,Hin,Hin
na,Hin,Hin
Looks,Eng,Eng
up,Eng,Eng
to,Eng,Eng
Modi,Eng,Eng
for,Eng,Eng
that,Eng,Eng
emember,Eng,Eng
the,Eng,Eng
hasty,Eng,Eng
desh,Hin,Hin
mein,Hin,Hin
Modi,Hin,Ot
Dill,Hin,Ot
kejri,Hin,Ot
if u say 100 things praising india no use if u dont say bharat mata U  ANI NAIONAL DESH DOHI ANI HINDU ANI BLA BLAH BLA,,
if,Eng,Eng
u,Hin,Eng
say,Eng,Eng
100,O,Ot
things,Eng,Eng
praising,Eng,Eng
india,Eng,Eng
no,Eng,Eng
use,Eng,Eng
if,Eng,Eng
u,Hin,Eng
dont,Hin,Eng
say,Hin,Eng
bharat,Hin,Ot
mata,Hin,Hin
U,Hin,Eng
ANI,Hin,?
NAIONAL,Hin,Eng
DESH,Hin,Hin
DOHI,Hin,Hin
ANI,Hin,?
HINDU,Hin,Ot
ANI,Hin,?
BLA,Hin,Eng
BLAH,Hin,Eng
BLA,Eng,Eng
Knock knock Petrol prices hiked by s 3 07 per litre diesel by s 1 90 But what is the discussion Bharat Mata ki jai Sala uloo desh,,
Knock,Hin,Eng
knock,Eng,Eng
Petrol,Eng,Eng
prices,Eng,Eng
hiked,Eng,Eng
by,Eng,Eng
s,Eng,Eng
3,O,Ot
7,O,Ot
per,Eng,Eng
litre,Eng,Eng
diesel,Eng,Eng
by,Eng,Eng
s,Hin,Eng
1,O,Ot
90,O,Ot
But,Hin,Eng
what,Eng,Eng
is,Eng,Eng
the,Eng,Eng
discussion,Eng,Eng
Bharat,Hin,Ot
Mata,Hin,Ot
ki,Hin,Hin
jai,Hin,Ot
Sala,Hin,Hin
uloo,Hin,Hin
desh,Hin,Hin
Knock knock Petrol prices hiked by s 3 07 per litre diesel by s 1 90 But what is the discussion Bharat Mata ki jai,,
Knock,Hin,Eng
knock,Eng,Eng
Petrol,Eng,Eng
prices,Eng,Eng
hiked,Eng,Eng
by,Eng,Eng
s,Eng,Eng
3,O,Ot
7,O,Ot
per,Eng,Eng
litre,Eng,Eng
diesel,Eng,Eng
by,Eng,Eng
s,Hin,Eng
1,O,Ot
90,O,Ot
But,Hin,Eng
what,Eng,Eng
is,Eng,Eng
the,Eng,Eng
discussion,Eng,Eng
Bharat,Hin,Ot
Mata,Hin,Ot
ki,Hin,Hin
jai,Hin,Ot
Only the Son of Soil feels proud to say rest have identity crisis and are dhobi ke kutte na ghar ke na ghaat ke,,
Only,Eng,Eng
the,Eng,Eng
Son,Eng,Eng
of,Eng,Eng
Soil,Eng,Eng
feels,Eng,Eng
proud,Eng,Eng
to,Eng,Eng
say,Eng,Eng
rest,Eng,Eng
have,Eng,Eng
identity,Eng,Eng
crisis,Eng,Eng
and,Eng,Eng
are,Hin,Hin
dhobi,Hin,Hin
ke,Hin,Hin
kutte,Hin,Hin
na,Hin,Hin
ghar,Hin,Hin
ke,Hin,Hin
na,Hin,Hin
ghaat,Hin,Hin
ke,Hin,Hin
28 this tweet makes my day hank god app jaise log bhi hai desh mein,,
28,O,Ot
this,Eng,Eng
tweet,Eng,Eng
makes,Eng,Eng
my,Eng,Eng
day,Hin,Hin
hank,Eng,Eng
god,Eng,Eng
app,Hin,Hin
jaise,Hin,Hin
log,Hin,Hin
bhi,Hin,Hin
hai,Hin,Hin
desh,Hin,Hin
mein,Hin,Hin
say is mandatory But PM is exempt 2 speak all bullshit wen wid NIs abroad,,
say,Eng,Eng
is,Eng,Eng
mandatory,Eng,Eng
But,Eng,Eng
PM,Eng,Eng
is,Eng,Eng
exempt,Eng,Eng
2,O,Ot
speak,Eng,Eng
all,Eng,Eng
bullshit,Eng,Eng
wen,Eng,Eng
wid,Hin,Eng
NIs,Hin,Eng
abroad,Eng,Eng
card mujhe raat din from sangharsh his is just a soul trooper,,
card,Hin,Eng
mujhe,Hin,Hin
raat,Hin,Hin
din,Hin,Hin
from,Eng,Eng
sangharsh,Eng,Hin
his,Eng,Eng
is,Eng,Eng
just,Eng,Eng
a,Eng,Eng
soul,Eng,Eng
trooper,Eng,Eng
so not to polarize congress took the side of BJP sena and start chanting is desh mein rahna hai kutto Shame on u,,
so,Eng,Eng
not,Eng,Eng
to,Eng,Eng
polarize,Eng,Eng
congress,Eng,Eng
took,Eng,Eng
the,Eng,Eng
side,Eng,Eng
of,Eng,Eng
BJP,Eng,Eng
sena,Eng,Eng
and,Eng,Eng
start,Eng,Eng
chanting,Eng,Eng
is,Eng,Hin
desh,Hin,Hin
mein,Hin,Hin
rahna,Hin,Hin
hai,Hin,Hin
kutto,Hin,Hin
Shame,Hin,Eng
on,Eng,Eng
u,Hin,Eng
Jis din ye desh izzat karega auraton ki us din baat karna No woman in this country feels safe How is Bharat Mata supposed to feel,,
Jis,Hin,Hin
din,Hin,Hin
ye,Hin,Hin
desh,Hin,Hin
izzat,Hin,Hin
karega,Hin,Hin
auraton,Hin,Hin
ki,Hin,Hin
us,Hin,Hin
din,Hin,Hin
baat,Hin,Hin
karna,Hin,Hin
No,Hin,Eng
woman,Eng,Eng
in,Eng,Eng
this,Eng,Eng
country,Eng,Eng
feels,Eng,Eng
safe,Eng,Eng
How,Eng,Eng
is,Hin,Eng
Bharat,Hin,Ot
Mata,Eng,Eng
supposed,Eng,Eng
to,Eng,Eng
feel,Eng,Eng
MIM MLA suspended for not saying Bharat Mata ki Jai via the worst drama in the name of desh bhakti,,
MIM,Eng,Ot
MLA,Eng,Eng
suspended,Eng,Eng
for,Eng,Eng
not,Eng,Eng
saying,Eng,Eng
Bharat,Hin,Ot
Mata,Hin,Hin
ki,Hin,Hin
Jai,Hin,Hin
via,Eng,Eng
the,Eng,Eng
worst,Eng,Eng
drama,Eng,Eng
in,Eng,Eng
the,Eng,Eng
name,Eng,Eng
of,Eng,Eng
desh,Hin,Hin
bhakti,Hin,Hin
card Mujhe raat din bas mujhe chahti ho Always gives me goosebumps amp makes me love in a mustache,,
card,Hin,Eng
Mujhe,Hin,Hin
raat,Hin,Hin
din,Hin,Hin
bas,Hin,Hin
mujhe,Hin,Hin
chahti,Hin,Hin
ho,Hin,Hin
Always,Eng,Eng
gives,Eng,Eng
me,Eng,Eng
goosebumps,Eng,Eng
amp,Eng,Ot
makes,Eng,Eng
me,Eng,Eng
love,Eng,Eng
in,Eng,Eng
a,Eng,Eng
mustache,Eng,Eng
say is mandatory But PM is exempt 2 speak all bullshit we,,
say,Eng,Eng
is,Eng,Eng
mandatory,Eng,Eng
But,Eng,Eng
PM,Eng,Eng
is,Eng,Eng
exempt,Eng,Eng
2,O,Ot
speak,Eng,Eng
all,Eng,Eng
bullshit,Eng,Eng
we,Eng,Eng
raaste bhula do saare ghar baar ke Ask me for anything I can give you everything,,
raaste,Hin,Hin
bhula,Hin,Hin
do,Hin,Hin
saare,Hin,Hin
ghar,Hin,Hin
baar,Hin,Hin
ke,Hin,Hin
Ask,Eng,Eng
me,Eng,Eng
for,Eng,Eng
anything,Eng,Eng
I,Eng,Eng
can,Eng,Eng
give,Eng,Eng
you,Hin,Hin
everything,Eng,Eng
I added a video to a playlist sexy arkestra dance aara zila ghar ba ta kowan bat ke dar ba,,
I,Eng,Eng
added,Eng,Eng
a,Eng,Eng
video,Eng,Eng
to,Eng,Eng
a,Eng,Eng
playlist,Eng,Eng
sexy,Eng,Eng
arkestra,Eng,Eng
dance,Eng,Eng
aara,Hin,Hin
zila,Hin,Hin
ghar,Hin,Hin
ba,Hin,Hin
ta,Hin,Hin
kowan,Hin,Hin
bat,Hin,Hin
ke,Hin,Hin
dar,Hin,Hin
ba,Hin,Hin
may I know the name of the desh if its Bharat then you can say if not saying is it,,
may,Hin,Eng
I,Hin,Eng
know,Eng,Eng
the,Eng,Eng
name,Eng,Eng
of,Eng,Eng
the,Eng,Eng
desh,Eng,Eng
if,Eng,Eng
its,Eng,Eng
Bharat,Hin,Hin
then,Eng,Eng
you,Eng,Eng
can,Eng,Eng
say,Eng,Eng
if,Eng,Eng
not,Eng,Eng
saying,Eng,Eng
is,Eng,Eng
it,Eng,Eng
priorities mattr Provncl govt dsnt hav any planing Bus raat ko khyal aya din ko practcly kar liya aor wo b sirf roads or mtrways,,
priorities,Eng,Eng
mattr,Eng,Eng
Provncl,Eng,Eng
govt,Eng,Eng
dsnt,Eng,Eng
hav,Hin,Eng
any,Eng,Eng
planing,Eng,Eng
Bus,Hin,Hin
raat,Hin,Hin
ko,Hin,Hin
khyal,Hin,Hin
aya,Hin,Hin
din,Hin,Hin
ko,Hin,Hin
practcly,Hin,Hin
kar,Hin,Hin
liya,Hin,Hin
aor,Hin,Hin
wo,Hin,Hin
b,Hin,Hin
sirf,Hin,Hin
roads,Eng,Eng
or,Eng,Eng
mtrways,Eng,Hin
Please ask him to name the Desh I am damn sure he will not say Bharat or Hindustan he will just say desh bhakti,,
Please,Eng,Eng
ask,Eng,Eng
him,Eng,Eng
to,Eng,Eng
name,Eng,Eng
the,Eng,Eng
Desh,Hin,Hin
I,Hin,Eng
am,Hin,Eng
damn,Eng,Eng
sure,Eng,Eng
he,Eng,Eng
will,Eng,Eng
not,Eng,Eng
say,Hin,Hin
Bharat,Hin,Hin
or,Eng,Eng
Hindustan,Hin,Hin
he,Eng,Eng
will,Eng,Eng
just,Eng,Eng
say,Eng,Eng
desh,Hin,Hin
bhakti,Hin,Hin
priorities mattr Provncl govt dsnt hav any planing Bus raat ko khyal aya din ko practcly kar liya aor wo b si,,
priorities,Eng,Eng
mattr,Eng,Eng
Provncl,Eng,Eng
govt,Eng,Eng
dsnt,Eng,Eng
hav,Hin,Eng
any,Eng,Eng
planing,Eng,Eng
Bus,Hin,Hin
raat,Hin,Hin
ko,Hin,Hin
khyal,Hin,Hin
aya,Hin,Hin
din,Hin,Hin
ko,Hin,Hin
practcly,Hin,Hin
kar,Hin,Hin
liya,Hin,Hin
aor,Hin,Hin
wo,Hin,Hin
b,Hin,Hin
si,Hin,Hin
Maharashtra Assembly suspends AIMIM s Waris Pathan for refusing to say Bharat Mata Ki Jai Even Owaisi should be kicked,,
Maharashtra,Eng,Ot
Assembly,Eng,Eng
suspends,Eng,Eng
AIMIM,Eng,Ot
s,Eng,Eng
Waris,Hin,Ot
Pathan,Eng,Ot
for,Eng,Eng
refusing,Eng,Eng
to,Eng,Eng
say,Hin,Hin
Bharat,Hin,Hin
Mata,Hin,Hin
Ki,Hin,Hin
Jai,Hin,Hin
Even,Hin,Eng
Owaisi,Hin,Ot
should,Eng,Eng
be,Eng,Eng
kicked,Eng,Eng
Unlike CONG backed both gt JNU studnts shouting Bharat ki barbadi amp MIM refusing to say https,,
Unlike,Eng,Eng
CONG,Eng,Ot
backed,Eng,Eng
both,Eng,Eng
gt,Eng,Ot
JNU,Eng,Ot
studnts,Eng,Eng
shouting,Eng,Eng
Bharat,Hin,Hin
ki,Hin,Hin
barbadi,Hin,Hin
amp,Eng,Ot
MIM,Eng,Ot
refusing,Eng,Eng
to,Eng,Eng
say,Eng,Eng
https,Eng,Ot
yaar I have been told ghar pe bhi lagao becoz UVA also shoot pe laga ke bhi outdoor mein got sunspots big time,,
yaar,Hin,Hin
I,Hin,Eng
have,Eng,Eng
been,Eng,Eng
told,Eng,Eng
ghar,Hin,Hin
pe,Hin,Hin
bhi,Hin,Hin
lagao,Hin,Hin
becoz,Hin,Hin
UVA,Eng,Ot
also,Eng,Eng
shoot,Eng,Eng
pe,Hin,Hin
laga,Hin,Hin
ke,Hin,Hin
bhi,Hin,Hin
outdoor,Eng,Eng
mein,Hin,Hin
got,Eng,Eng
sunspots,Eng,Eng
big,Eng,Eng
time,Eng,Eng
yar ghar par he hai u a k le ja but I need that amp back asap Speaker ke khair hai,,
yar,Hin,Hin
ghar,Hin,Hin
par,Hin,Hin
he,Hin,Hin
hai,Hin,Hin
u,Hin,Hin
a,Eng,Eng
k,Hin,Hin
le,Hin,Hin
ja,Hin,Hin
but,Eng,Eng
I,Eng,Eng
need,Eng,Eng
that,Eng,Eng
amp,Eng,Ot
back,Eng,Eng
asap,Eng,Eng
Speaker,Eng,Eng
ke,Hin,Hin
khair,Hin,Hin
hai,Hin,Hin
his is such a disgrace No standard left Since when did abuse started to become headline Is desh mein rehna hai kutton,,
his,Eng,Eng
is,Eng,Eng
such,Eng,Eng
a,Eng,Eng
disgrace,Eng,Eng
No,Eng,Eng
standard,Eng,Eng
left,Eng,Eng
Since,Eng,Eng
when,Eng,Eng
did,Eng,Eng
abuse,Eng,Eng
started,Eng,Eng
to,Eng,Eng
become,Eng,Eng
headline,Eng,Eng
Is,Hin,Hin
desh,Hin,Hin
mein,Hin,Hin
rehna,Hin,Hin
hai,Hin,Hin
kutton,Hin,Hin
Beta apne ghar ke facts mat do Domestic Aamir 6 in 38 movies Srgay 5 in 60 movies Overseas Aamir PK 330,,
Beta,Hin,Hin
apne,Hin,Hin
ghar,Hin,Hin
ke,Hin,Hin
facts,Eng,Eng
mat,Eng,Eng
do,Hin,Hin
Domestic,Eng,Eng
Aamir,Eng,Ot
6,O,Ot
in,Eng,Eng
38,O,Ot
movies,Eng,Eng
Srgay,Eng,Eng
5,O,Ot
in,Eng,Eng
60,O,Ot
movies,Eng,Eng
Overseas,Eng,Eng
Aamir,Eng,Ot
PK,Eng,Ot
330,O,Ot
krishan HA Desh Mein aap ki awaz MSG Yuth changed and mind fresh only MSG say,,
krishan,Hin,Ot
HA,Hin,Hin
Desh,Hin,Hin
Mein,Hin,Hin
aap,Hin,Hin
ki,Hin,Hin
awaz,Hin,Hin
MSG,Eng,Eng
Yuth,Eng,Eng
changed,Eng,Eng
and,Eng,Eng
mind,Eng,Eng
fresh,Eng,Eng
only,Eng,Eng
MSG,Eng,Eng
say,Eng,Eng
28 Is Diggi Desh Premi or Desh drohi will Bharat unite only by not saying Bharat Mata Ki Jai Vande Matram,,
28,O,Ot
Is,Eng,Eng
Diggi,Hin,Hin
Desh,Hin,Hin
Premi,Hin,Hin
or,Eng,Eng
Desh,Hin,Hin
drohi,Hin,Hin
will,Hin,Hin
Bharat,Hin,Ot
unite,Eng,Eng
only,Eng,Eng
by,Eng,Eng
not,Eng,Eng
saying,Eng,Eng
Bharat,Hin,Ot
Mata,Hin,Hin
Ki,Hin,Hin
Jai,Hin,Hin
Vande,Hin,Hin
Matram,Hin,Hin
I wish I was a bird oz aapke ghar ke samne aake gaane gaati loveee u,,
I,Eng,Eng
wish,Eng,Eng
I,Eng,Eng
was,Eng,Eng
a,Eng,Eng
bird,Eng,Eng
oz,Hin,Hin
aapke,Hin,Hin
ghar,Hin,Hin
ke,Hin,Hin
samne,Hin,Hin
aake,Hin,Hin
gaane,Hin,Hin
gaati,Hin,Hin
loveee,Hin,Eng
u,Hin,Eng
Delivery Chacha amp Chotaay have drastically improved delivery services in Karachi Ghar pe baithe baithe tickets mangwa lo movie ke,,
Delivery,Eng,Eng
Chacha,Hin,Hin
amp,Hin,Ot
Chotaay,Hin,Hin
have,Eng,Eng
drastically,Eng,Eng
improved,Eng,Eng
delivery,Eng,Eng
services,Eng,Eng
in,Eng,Eng
Karachi,Hin,Ot
Ghar,Hin,Hin
pe,Hin,Hin
baithe,Hin,Hin
baithe,Hin,Hin
tickets,Hin,Hin
mangwa,Hin,Hin
lo,Hin,Hin
movie,Hin,Eng
ke,Hin,Hin
FYI ppl do say Bharat mata ki jai in their own language versions Nobody Yes NOBODY feels it is a problem,,
FYI,Eng,Eng
ppl,Hin,Hin
do,Hin,Hin
say,Hin,Hin
Bharat,Hin,Ot
mata,Hin,Hin
ki,Hin,Hin
jai,Hin,Hin
in,Eng,Eng
their,Eng,Eng
own,Eng,Eng
language,Eng,Eng
versions,Eng,Eng
Nobody,Hin,Eng
Yes,Hin,Hin
NOBODY,Hin,Hin
feels,Eng,Eng
it,Eng,Eng
is,Eng,Eng
a,Eng,Eng
problem,Eng,Eng
28 Is Diggi Desh Premi or Desh drohi will Bharat unite only by not saying Bharat Mata Ki Jai,,
28,O,Ot
Is,Eng,Eng
Diggi,Hin,Hin
Desh,Hin,Hin
Premi,Hin,Hin
or,Eng,Hin
Desh,Hin,Hin
drohi,Hin,Hin
will,Hin,Hin
Bharat,Hin,Hin
unite,Eng,Eng
only,Eng,Eng
by,Eng,Eng
not,Eng,Eng
saying,Eng,Eng
Bharat,Hin,Ot
Mata,Hin,Hin
Ki,Hin,Hin
Jai,Hin,Hin
in d recent incidents where ppl were asked 2 chant Bharat Mata Ki Jai dey all knew Hindi So don t talk rubbish like a school kid,,
in,Eng,Eng
d,Eng,Eng
recent,Eng,Eng
incidents,Eng,Eng
where,Eng,Eng
ppl,Eng,Eng
were,Eng,Eng
asked,Eng,Eng
2,O,Ot
chant,Eng,Eng
Bharat,Hin,Ot
Mata,Hin,Hin
Ki,Hin,Hin
Jai,Hin,Hin
dey,Hin,Eng
all,Eng,Eng
knew,Eng,Eng
Hindi,Hin,Ot
So,Hin,Hin
don,Hin,Eng
t,Hin,Eng
talk,Eng,Eng
rubbish,Eng,Eng
like,Eng,Eng
a,Eng,Eng
school,Eng,Eng
kid,Eng,Eng
dimpy lol awesome avi beh raat din kisses le rhi salman khan se,,
dimpy,Eng,Ot
lol,Eng,Eng
awesome,Eng,Eng
avi,Hin,Ot
beh,Hin,Hin
raat,Hin,Hin
din,Hin,Hin
kisses,Hin,Hin
le,Hin,Hin
rhi,Eng,Eng
salman,Hin,Ot
khan,Hin,Ot
se,Hin,Hin
Mam agar desh itna hi saaf hai to phir ye swach bharat abhiyan kisliye but I respect your opinion though,,
Mam,Hin,Ot
agar,Hin,Hin
desh,Hin,Hin
itna,Hin,Hin
hi,Hin,Hin
saaf,Hin,Hin
hai,Hin,Hin
to,Hin,Hin
phir,Hin,Hin
ye,Hin,Hin
swach,Hin,Hin
bharat,Hin,Ot
abhiyan,Hin,Hin
kisliye,Hin,Hin
but,Hin,Eng
I,Eng,Eng
respect,Eng,Eng
your,Eng,Eng
opinion,Eng,Eng
though,Eng,Eng
Only thing is going down is dignity and popularity of govt Bharat mata kee jai vande matram mey sabse bada desh bhakt hoon,,
Only,Eng,Eng
thing,Eng,Eng
is,Eng,Eng
going,Eng,Eng
down,Eng,Eng
is,Eng,Eng
dignity,Eng,Eng
and,Eng,Eng
popularity,Eng,Eng
of,Eng,Eng
govt,Eng,Eng
Bharat,Hin,Ot
mata,Hin,Hin
kee,Hin,Hin
jai,Hin,Hin
vande,Hin,Hin
matram,Hin,Hin
mey,Hin,Hin
sabse,Hin,Hin
bada,Hin,Hin
desh,Hin,Hin
bhakt,Hin,Hin
hoon,Hin,Hin
dutta ummm lagi aaj sawaan ki din raat just be positive Keep rolling I cant say anything,,
dutta,Hin,Ot
ummm,Hin,Hin
lagi,Hin,Hin
aaj,Hin,Hin
sawaan,Hin,Hin
ki,Hin,Hin
din,Hin,Hin
raat,Hin,Hin
just,Hin,Eng
be,Eng,Eng
positive,Eng,Eng
Keep,Eng,Eng
rolling,Eng,Eng
I,Eng,Eng
cant,Eng,Eng
say,Eng,Eng
anything,Eng,Eng
sala He made many Bharat Mata ki Jai jokes His friends clapped He jumped with confidence and made a Prophet joke hat was his,,
sala,Hin,Hin
He,Hin,Eng
made,Eng,Eng
many,Eng,Eng
Bharat,Hin,Ot
Mata,Hin,Hin
ki,Hin,Hin
Jai,Hin,Hin
jokes,Eng,Eng
His,Eng,Eng
friends,Eng,Eng
clapped,Eng,Eng
He,Eng,Eng
jumped,Eng,Eng
with,Eng,Eng
confidence,Eng,Eng
and,Eng,Eng
made,Eng,Eng
a,Eng,Eng
Prophet,Eng,Eng
joke,Eng,Eng
hat,Eng,Eng
was,Eng,Eng
his,Eng,Eng
After Bharat Mata Ki Jai now you will be forced to say Acche Din Else you will be labelled as raitor O Desh Drohi O Anti National,,
After,Eng,Eng
Bharat,Hin,Hin
Mata,Hin,Hin
Ki,Hin,Hin
Jai,Hin,Hin
now,Eng,Eng
you,Eng,Eng
will,Eng,Eng
be,Eng,Eng
forced,Eng,Eng
to,Eng,Eng
say,Hin,Eng
Acche,Hin,Hin
Din,Hin,Hin
Else,Eng,Eng
you,Eng,Eng
will,Eng,Eng
be,Eng,Eng
labelled,Eng,Eng
as,Eng,Eng
raitor,Eng,Eng
O,Hin,Ot
Desh,Hin,Hin
Drohi,Hin,Hin
O,Hin,Ot
Anti,Eng,Eng
National,Eng,Eng
SS vision 2020 is for an India which prosperous united Bharat which takes pride in its culture amp heritage SS,,
SS,Eng,Eng
vision,Eng,Eng
2020,O,O
is,Eng,Eng
for,Eng,Eng
an,Eng,Eng
India,Eng,Eng
which,Eng,Eng
prosperous,Eng,Eng
united,Eng,Eng
Bharat,Eng,Ot
which,Eng,Eng
takes,Eng,Eng
pride,Eng,Eng
in,Eng,Eng
its,Eng,Eng
culture,Eng,Eng
amp,Eng,Ot
heritage,Eng,Eng
SS,Eng,Eng
But if someone says he she won t chant Bharat Mata Ki Jai at all that is anti national for sure SS s,,
But,Eng,Eng
if,Eng,Eng
someone,Eng,Eng
says,Eng,Eng
he,Eng,Eng
she,Eng,Eng
won,Eng,Eng
t,Eng,Eng
chant,Hin,Eng
Bharat,Hin,Ot
Mata,Hin,Hin
Ki,Hin,Hin
Jai,Hin,Hin
at,Eng,Eng
all,Eng,Eng
that,Eng,Eng
is,Eng,Eng
anti,Eng,Eng
national,Eng,Eng
for,Eng,Eng
sure,Eng,Eng
SS,Eng,Eng
s,Eng,Eng
Vande Mataram and Bharat Mata Ki Jai are not SS slogans these were coined during freedom struggle SS s,,
Vande,Hin,Hin
Mataram,Hin,Hin
and,Hin,Hin
Bharat,Hin,Ot
Mata,Hin,Hin
Ki,Hin,Hin
Jai,Hin,Hin
are,Eng,Eng
not,Eng,Eng
SS,Eng,Eng
slogans,Eng,Eng
these,Eng,Eng
were,Eng,Eng
coined,Eng,Eng
during,Eng,Eng
freedom,Eng,Eng
struggle,Eng,Eng
SS,Eng,Eng
s,Eng,Eng
why do u want a imaginary lady as the symbolism of Bharat why not just Bharat jai bharat jai india jai mera desh jai hoo,,
why,Eng,Eng
do,Hin,Eng
u,Hin,Eng
want,Hin,Eng
a,Eng,Eng
imaginary,Eng,Eng
lady,Eng,Eng
as,Eng,Eng
the,Eng,Eng
symbolism,Eng,Eng
of,Eng,Eng
Bharat,Eng,Ot
why,Eng,Eng
not,Eng,Eng
just,Hin,Eng
Bharat,Hin,Ot
jai,Hin,Hin
bharat,Hin,Ot
jai,Hin,Hin
india,Hin,Ot
jai,Hin,Hin
mera,Hin,Hin
desh,Hin,Hin
jai,Hin,Hin
hoo,Hin,Hin
PM Modi on IMEs most influential people on Internet for second year in a row via Narendra Modi app,,
PM,Eng,Eng
Modi,Eng,Ot
on,Eng,Eng
IMEs,Eng,Eng
most,Eng,Eng
influential,Eng,Eng
people,Eng,Eng
on,Eng,Eng
Internet,Eng,Eng
for,Eng,Eng
second,Eng,Eng
year,Eng,Eng
in,Eng,Eng
a,Eng,Eng
row,Eng,Eng
via,Eng,Eng
Narendra,Eng,Ot
Modi,Eng,Ot
app,Eng,Eng
the guy who was suspended says ye desh meri maa hai hen why is he saying won t chant Bharat mata ki jai,,
the,Eng,Eng
guy,Eng,Eng
who,Eng,Eng
was,Eng,Eng
suspended,Eng,Eng
says,Eng,Eng
ye,Hin,Hin
desh,Hin,Hin
meri,Hin,Hin
maa,Hin,Hin
hai,Hin,Hin
hen,Eng,Eng
why,Eng,Eng
is,Eng,Eng
he,Eng,Eng
saying,Eng,Eng
won,Eng,Eng
t,Eng,Eng
chant,Hin,Hin
Bharat,Hin,Ot
mata,Hin,Hin
ki,Hin,Hin
jai,Hin,Hin
It is a right of ppl like Kanaiya to do all wrongs on the name of desh mein aazadi,,
It,Eng,Eng
is,Eng,Eng
a,Eng,Eng
right,Eng,Eng
of,Eng,Eng
ppl,Hin,Eng
like,Hin,Eng
Kanaiya,Hin,Ot
to,Hin,Eng
do,Eng,Eng
all,Eng,Eng
wrongs,Eng,Eng
on,Eng,Eng
the,Eng,Eng
name,Eng,Eng
of,Eng,Eng
desh,Hin,Hin
mein,Hin,Hin
aazadi,Hin,Hin
shame on this news channel I mean u people are trying to proof Bharat Mata ki jai bolna desh droh nahi hai,,
shame,Eng,Eng
on,Eng,Eng
this,Eng,Eng
news,Eng,Eng
channel,Eng,Eng
I,Hin,Eng
mean,Eng,Eng
u,Eng,Eng
people,Eng,Eng
are,Eng,Eng
trying,Eng,Eng
to,Eng,Eng
proof,Eng,Eng
Bharat,Hin,Ot
Mata,Hin,Hin
ki,Hin,Hin
jai,Hin,Hin
bolna,Hin,Hin
desh,Hin,Hin
droh,Hin,Hin
nahi,Hin,Hin
hai,Hin,Hin
under ocks with 3 8,,
under,Eng,Eng
ocks,Eng,Eng
with,Eng,Eng
3,O,Ot
8,O,Ot
India oday you got wrong point Actually that is Aatank Mukt Bharat or Desh drohi Mukt bharat we are with you Sir,,
India,Hin,Ot
oday,Eng,Eng
you,Hin,Hin
got,Eng,Eng
wrong,Eng,Eng
point,Eng,Eng
Actually,Eng,Eng
that,Eng,Eng
is,Hin,Eng
Aatank,Hin,Hin
Mukt,Hin,Hin
Bharat,Hin,Ot
or,Eng,Eng
Desh,Hin,Hin
drohi,Hin,Hin
Mukt,Hin,Hin
bharat,Hin,Ot
we,Hin,Eng
are,Eng,Eng
with,Eng,Eng
you,Hin,Eng
Sir,Hin,Eng
indi you people can kill Animals Dalit students what more KYA HOGA IS DESH KA,,
indi,Hin,Ot
you,Eng,Eng
people,Eng,Eng
can,Eng,Eng
kill,Eng,Eng
Animals,Eng,Eng
Dalit,Eng,Ot
students,Eng,Ot
what,Eng,Eng
more,Hin,Eng
KYA,Hin,Hin
HOGA,Hin,Hin
IS,Hin,Hin
DESH,Hin,Hin
KA,Hin,Hin
gt ke ghar pe bhej do He will need to pay all required entry taxes the port,,
gt,Hin,Ot
ke,Hin,Hin
ghar,Hin,Hin
pe,Hin,Hin
bhej,Hin,Hin
do,Hin,Hin
He,Eng,Eng
will,Eng,Eng
need,Eng,Eng
to,Eng,Eng
pay,Eng,Eng
all,Eng,Eng
required,Eng,Eng
entry,Eng,Eng
taxes,Eng,Eng
the,Eng,Eng
port,Eng,Eng
rekking in NE India Allows 1 to experience overwhelming variety of rare flora amp fauna scenery amp challenging terrain http,,
rekking,Eng,Eng
in,Eng,Eng
NE,Hin,Eng
India,Eng,O
Allows,Eng,Eng
1,O,Ot
to,Eng,Eng
experience,Eng,Eng
overwhelming,Eng,Eng
variety,Eng,Eng
of,Eng,Eng
rare,Eng,Eng
flora,Eng,Eng
amp,Eng,Ot
fauna,Eng,Eng
scenery,Eng,Eng
amp,Eng,Ot
challenging,Eng,Eng
terrain,Eng,Eng
http,Eng,Eng
Dune bashing ajasthan It allows tourists to go off the beaten track amp experience sand driving amp dune manoeuvring https,,
Dune,Eng,Eng
bashing,Eng,Eng
ajasthan,Eng,Ot
It,Eng,Eng
allows,Eng,Eng
tourists,Eng,Eng
to,Eng,Eng
go,Eng,Eng
off,Eng,Eng
the,Eng,Eng
beaten,Eng,Eng
track,Eng,Eng
amp,Eng,Ot
experience,Eng,Eng
sand,Eng,Eng
driving,Eng,Eng
amp,Eng,Ot
dune,Eng,Eng
manoeuvring,Eng,Eng
https,Eng,Eng
For the love of adventure Indian landscape offers an array of adventure sports like trekking skiing river rafting http,,
For,Eng,Eng
the,Eng,Eng
love,Eng,Eng
of,Eng,Eng
adventure,Eng,Eng
Indian,Eng,Ot
landscape,Eng,Eng
offers,Eng,Eng
an,Eng,Eng
array,Eng,Eng
of,Eng,Eng
adventure,Eng,Eng
sports,Eng,Eng
like,Eng,Eng
trekking,Eng,Ot
skiing,Eng,Ot
river,Eng,Ot
rafting,Eng,Ot
http,Eng,Eng
Don t link nationalism with politics,,
Don,Hin,Eng
t,Eng,Eng
link,Eng,Eng
nationalism,Eng,Eng
with,Eng,Eng
politics,Eng,Eng
Glad to hear ji s clear views on JNU and anti national activities He does not play by the media rules,,
Glad,Eng,Eng
to,Eng,Eng
hear,Eng,Eng
ji,Hin,Hin
s,Hin,Hin
clear,Eng,Eng
views,Eng,Eng
on,Eng,Eng
JNU,Eng,Ot
and,Eng,Eng
anti,Eng,Eng
national,Eng,Eng
activities,Eng,Eng
He,Eng,Eng
does,Eng,Eng
not,Eng,Eng
play,Eng,Eng
by,Eng,Eng
the,Eng,Eng
media,Eng,Eng
rules,Eng,Eng
FIEND MOM KA ELAKA SIF KICHEN AU GHA ME EA FUUE SIF BAHA AU MAU BINA KHANE KE GIVE ESPEC AND LOVE O MOM,,
FIEND,Hin,Hin
MOM,Hin,Eng
KA,Hin,Hin
ELAKA,Hin,Hin
SIF,Hin,Hin
KICHEN,Hin,Eng
AU,Hin,Hin
GHA,Hin,Hin
ME,Hin,Hin
EA,Hin,Hin
FUUE,Hin,?
SIF,Hin,?
BAHA,Hin,?
AU,Hin,?
MAU,Hin,?
BINA,Hin,?
KHANE,Hin,Hin
KE,Hin,Hin
GIVE,Hin,Eng
ESPEC,Eng,Eng
AND,Hin,Eng
LOVE,Hin,Eng
O,Hin,Ot
MOM,Hin,Eng
sabanaqvi before 2014 there was amajya and Sirf UP Nahin jurm sare desh mein kam tha those dead before ohith Vemula never died,,
sabanaqvi,Eng,Eng
before,Eng,Eng
2014,O,Ot
there,Eng,Eng
was,Eng,Eng
amajya,Hin,Ot
and,Hin,Eng
Sirf,Hin,Hin
UP,Hin,Ot
Nahin,Hin,Hin
jurm,Hin,Hin
sare,Hin,Hin
desh,Hin,Hin
mein,Hin,Hin
kam,Hin,Hin
tha,Hin,Hin
those,Eng,Eng
dead,Eng,Eng
before,Eng,Eng
ohith,Eng,Eng
Vemula,Eng,Eng
never,Eng,Eng
died,Eng,Eng
she had said Bharat mata ji jai befre submitting fake degrees So she is true desh bhakt,,
she,Eng,Eng
had,Eng,Eng
said,Eng,Eng
Bharat,Hin,Ot
mata,Hin,Hin
ji,Hin,Hin
jai,Hin,Hin
befre,Eng,Eng
submitting,Eng,Eng
fake,Eng,Eng
degrees,Eng,Eng
So,Eng,Eng
she,Eng,Eng
is,Eng,Eng
TRUE,Eng,Eng
desh,Hin,Hin
bhakt,Hin,Hin
hahaha you must start like hamaray ghar ke pass jo parak haina uskay samnay commrace callage hai p,,
hahaha,Hin,Ot
you,Hin,Eng
must,Eng,Eng
start,Eng,Eng
like,Eng,Eng
hamaray,Hin,Hin
ghar,Hin,Hin
ke,Hin,Hin
pass,Hin,Hin
jo,Hin,Hin
parak,Hin,Hin
haina,Hin,Hin
uskay,Hin,Hin
samnay,Hin,Hin
commrace,Hin,Eng
callage,Hin,Eng
hai,Hin,Hin
p,Hin,Hin
Inaam ghar ne pakistan ke hr record toor deye amazing idea love u inaam ghar show,,
Inaam,Hin,Ot
ghar,Hin,Hin
ne,Hin,Hin
pakistan,Hin,Ot
ke,Hin,Hin
hr,Hin,Hin
record,Eng,Eng
toor,Eng,Hin
deye,Eng,Eng
amazing,Eng,Eng
idea,Eng,Eng
love,Hin,Hin
u,Hin,Hin
inaam,Hin,Ot
ghar,Hin,Ot
show,Eng,Eng
jai hind is much better slogan to chant for bharat desh,,
jai,Hin,Hin
hind,Hin,Hin
is,Eng,Eng
much,Eng,Eng
better,Eng,Eng
slogan,Eng,Eng
to,Eng,Eng
chant,Eng,Eng
for,Eng,Eng
bharat,Hin,Ot
desh,Hin,Hin
shabaz I mean to say ke jb itne saaloo se ghar me crickt nai horahi hoti tu player mushkil se bante hein,,
shabaz,Hin,Hin
I,Hin,Hin
mean,Eng,Eng
to,Eng,Eng
say,Hin,Eng
ke,Hin,Hin
jb,Hin,Hin
itne,Hin,Hin
saaloo,Hin,Hin
se,Hin,Hin
ghar,Hin,Hin
me,Hin,Hin
crickt,Hin,Eng
nai,Hin,Hin
horahi,Hin,Hin
hoti,Hin,Hin
tu,Hin,Hin
player,Eng,Eng
mushkil,Hin,Hin
se,Hin,Hin
bante,Hin,Hin
hein,Hin,Hin
Salam guyz Download this amazing android app it s about the Sunnah of Hazrat Muhammad SAW all life sunnah s,,
Salam,Hin,Hin
guyz,Hin,Hin
Download,Eng,Eng
this,Eng,Eng
amazing,Eng,Eng
android,Eng,Eng
app,Eng,Eng
it,Eng,Eng
s,Eng,Eng
about,Eng,Eng
the,Eng,Eng
Sunnah,Eng,Ot
of,Eng,Eng
Hazrat,Eng,Ot
Muhammad,Eng,Ot
SAW,Hin,Eng
all,Eng,Eng
life,Eng,Eng
sunnah,Eng,Eng
s,Eng,Eng
singh Precursor of char din ki chandni phir andheri raat mayb Anthr lutyn anlgy no of invts 2 forgn diplmats 2 dilli parties,,
singh,Eng,Ot
Precursor,Eng,Eng
of,Eng,Eng
char,Eng,Hin
din,Hin,Hin
ki,Hin,Hin
chandni,Hin,Hin
phir,Hin,Hin
andheri,Hin,Hin
raat,Hin,Hin
mayb,Hin,Eng
Anthr,Hin,Eng
lutyn,Eng,Eng
anlgy,Eng,Eng
no,Eng,Eng
of,Eng,Eng
invts,Hin,Hin
2,O,Ot
forgn,Eng,Eng
diplmats,Eng,Eng
2,O,Ot
dilli,Eng,Ot
parties,Eng,Eng
Of all the people a Pakistani is telling this Jo shishoo ke ghar me rehte hai woh doosron ke uper pattar phenka nahi karte,,
Of,Eng,Eng
all,Eng,Eng
the,Eng,Eng
people,Eng,Eng
a,Eng,Eng
Pakistani,Eng,Ot
is,Eng,Eng
telling,Eng,Eng
this,Eng,Eng
Jo,Eng,Hin
shishoo,Hin,Hin
ke,Hin,Hin
ghar,Hin,Hin
me,Hin,Hin
rehte,Hin,Hin
hai,Hin,Hin
woh,Hin,Hin
doosron,Hin,Hin
ke,Hin,Hin
uper,Hin,Hin
pattar,Hin,Hin
phenka,Hin,Hin
nahi,Hin,Hin
karte,Hin,Hin
Haha Never thought Modi would be used for defending Islam,,
Haha,Hin,Ot
Never,Hin,Eng
thought,Eng,Eng
Modi,Eng,Ot
would,Eng,Eng
be,Eng,Eng
used,Eng,Eng
for,Eng,Eng
defending,Eng,Eng
Islam,Eng,Ot
Congress ki Divide and ule Policy Desh Mein Nahi Chalegi Proud of Our Muslim Brothers,,
Congress,Eng,Ot
ki,Eng,Eng
Divide,Eng,Eng
and,Eng,Eng
ule,Eng,Eng
Policy,Eng,Eng
Desh,Eng,Hin
Mein,Hin,Hin
Nahi,Hin,Hin
Chalegi,Hin,Hin
Proud,Eng,Eng
of,Eng,Eng
Our,Eng,Eng
Muslim,Eng,Ot
Brothers,Eng,Eng
Congress ki Divide and ule Policy Desh Mein Nahi Chalegi Proud of Our Muslim Brothers,,
Congress,Eng,Ot
ki,Eng,Eng
Divide,Eng,Eng
and,Eng,Eng
ule,Eng,Eng
Policy,Eng,Eng
Desh,Eng,Hin
Mein,Hin,Hin
Nahi,Hin,Hin
Chalegi,Hin,Hin
Proud,Eng,Eng
of,Eng,Eng
Our,Eng,Eng
Muslim,Eng,Ot
Brothers,Eng,Eng
Sab bik chuke hai Apna jamir Ko bech chuke hain Kya HOGA is Bharat Desh ka Very soon people will kill each others,,
Sab,Hin,Hin
bik,Hin,Hin
chuke,Hin,Hin
hai,Hin,Hin
Apna,Hin,Hin
jamir,Hin,Hin
Ko,Hin,Hin
bech,Hin,Hin
chuke,Hin,Hin
hain,Hin,Hin
Kya,Hin,Hin
HOGA,Hin,Hin
is,Hin,Hin
Bharat,Hin,Ot
Desh,Hin,Hin
ka,Hin,Hin
Very,Eng,Eng
soon,Eng,Eng
people,Eng,Eng
will,Eng,Eng
kill,Eng,Eng
each,Eng,Eng
others,Eng,Eng
Lucknow me bankse kuch officer recovery ke liye client ke ghar gaye clientki wifene drama kiya banker bhag aye,,
Lucknow,Hin,Ot
me,Hin,Hin
bankse,Hin,Hin
kuch,Hin,Hin
officer,Eng,Eng
recovery,Eng,Eng
ke,Hin,Hin
liye,Hin,Hin
client,Eng,Eng
ke,Hin,Hin
ghar,Hin,Hin
gaye,Hin,Hin
clientki,Eng,Mix
wifene,Eng,Mix
drama,Hin,Hin
kiya,Hin,Hin
banker,Hin,Eng
bhag,Hin,Hin
aye,Hin,Hin
jis desh mein aap jaise log rehte hain us desh ko dushmanon ki jarrorat nahin one look at your L and i can imagine what u r mister,,
jis,Hin,Hin
desh,Hin,Hin
mein,Hin,Hin
aap,Hin,Hin
jaise,Hin,Hin
log,Hin,Hin
rehte,Hin,Hin
hain,Hin,Hin
us,Hin,Hin
desh,Hin,Hin
ko,Hin,Hin
dushmanon,Hin,Hin
ki,Hin,Hin
jarrorat,Hin,Hin
nahin,Hin,Hin
one,Eng,Eng
look,Eng,Eng
at,Eng,Eng
your,Hin,Eng
L,Hin,Hin
and,Eng,Eng
i,Eng,Eng
can,Eng,Eng
imagine,Eng,Eng
what,Eng,Eng
u,Hin,Eng
r,Hin,Eng
mister,Hin,Eng
Employees contribute 5 000 man hours in 15 days towards,,
Employees,Eng,Eng
contribute,Eng,Eng
5,O,Ot
0,O,Ot
man,Eng,Eng
hours,Eng,Eng
in,Eng,Eng
15,O,Ot
days,Eng,Eng
towards,Eng,Eng
I don t get it Bharat desh hai Mera then how come Bharat Mata ki Jai Pehle gender decide karo,,
I,Hin,Eng
don,Hin,Eng
t,Hin,eng
get,Eng,Eng
it,Hin,Eng
Bharat,Hin,Ot
desh,Hin,Hin
hai,Hin,Hin
Mera,Hin,Hin
then,Eng,Eng
how,Eng,Eng
come,Hin,Eng
Bharat,Hin,Ot
Mata,Hin,Hin
ki,Hin,Hin
Jai,Hin,Hin
Pehle,Hin,Hin
gender,Eng,Eng
decide,Eng,Eng
karo,Hin,Hin
urgh I hate you Next time zaroor baja doon ga Aur tumhare naam ooncha ghar ke bahar shout bhi karun ga Bas,,
urgh,Eng,Ot
I,Eng,Eng
hate,Eng,Eng
you,Eng,Eng
Next,Eng,Eng
time,Eng,Eng
zaroor,Hin,Hin
baja,Hin,Hin
doon,Hin,Hin
ga,Hin,Hin
Aur,Hin,Hin
tumhare,Hin,Hin
naam,Hin,Hin
ooncha,Hin,Hin
ghar,Hin,Hin
ke,Hin,Hin
bahar,Hin,Hin
shout,Hin,Eng
bhi,Hin,Hin
karun,Hin,Hin
ga,Hin,Hin
Bas,Hin,Hin
B the story till now is similar to kis desh mein hai meraa dil,,
B,Eng,Eng
the,Eng,Eng
story,Eng,Eng
till,Eng,Eng
now,Eng,Eng
is,Eng,Eng
similar,Eng,Eng
to,Eng,Eng
kis,Hin,Hin
desh,Hin,Hin
mein,Hin,Hin
hai,Hin,Hin
meraa,Hin,Hin
dil,Hin,Hin
U r right Bharat hum Sabka desh hai But he is Deshadrohi Even we don t want him to take our motherlands name,,
U,Hin,Eng
r,Eng,Eng
right,Hin,Eng
Bharat,Hin,Ot
hum,Hin,Hin
Sabka,Hin,Hin
desh,Hin,Hin
hai,Hin,Hin
But,Hin,Eng
he,Eng,Hin
is,Hin,Hin
Deshadrohi,Hin,Hin
Even,Eng,Eng
we,Eng,Eng
don,Hin,Eng
t,Hin,Eng
want,Eng,Eng
him,Eng,Eng
to,Eng,Eng
take,Eng,Eng
our,Eng,Eng
motherlands,Eng,Eng
name,Eng,Eng
If ji says Bharat Desh Ki Jai will it be OK 4 u Org cc,,
If,Eng,Eng
ji,Eng,Hin
says,Hin,Eng
Bharat,Hin,Ot
Desh,Hin,Hin
Ki,Hin,Hin
Jai,Hin,Hin
will,Eng,Eng
it,Eng,Eng
be,Eng,Eng
OK,Hin,Eng
4,O,Ot
u,Hin,Eng
Org,Eng,Eng
cc,Eng,Eng
But somewhere there is double exploitation of Indian women kama ke bhi lao khana bhi banao n ghar bhi dekho,,
But,Eng,Eng
somewhere,Eng,Eng
there,Eng,Eng
is,Eng,Eng
double,Eng,Eng
exploitation,Eng,Eng
of,Eng,Eng
Indian,Eng,Eng
women,Eng,Eng
kama,Hin,Hin
ke,Hin,Hin
bhi,Hin,Hin
lao,Hin,Hin
khana,Hin,Hin
bhi,Hin,Hin
banao,Hin,Hin
n,Hin,Hin
ghar,Hin,Hin
bhi,Hin,Hin
dekho,Hin,Hin
he Indian immigration should stamp Indian passports with laut ke budhu ghar ko aaye,,
he,Eng,Eng
Indian,Eng,Ot
immigration,Eng,Eng
should,Eng,Eng
stamp,Eng,Eng
Indian,Eng,Ot
passports,Eng,Eng
with,Eng,Eng
laut,Hin,Hin
ke,Hin,Hin
budhu,Hin,Hin
ghar,Hin,Hin
ko,Hin,Hin
aaye,Hin,Hin
rue and fully endorse your views If chanting Bharat Mata Ki Jai could make one a patriot Bharat will be a Mahaan Desh,,
rue,Eng,Eng
and,Eng,Eng
fully,Eng,Eng
endorse,Eng,Eng
your,Eng,Eng
views,Eng,Eng
If,Eng,Eng
chanting,Eng,Eng
Bharat,Hin,Ot
Mata,Hin,Hin
Ki,Hin,Hin
Jai,Hin,Hin
could,Eng,Eng
make,Eng,Eng
one,Eng,Eng
a,Eng,Eng
patriot,Eng,Eng
Bharat,Eng,Ot
will,Eng,Eng
be,Eng,Eng
a,Eng,Eng
Mahaan,Hin,Hin
Desh,Hin,Hin
rue and fully endorse your views If chanting Bharat Mata Ki Jai could make one a patriot Bharat will be a Mah,,
rue,Eng,Eng
and,Eng,Eng
fully,Eng,Eng
endorse,Eng,Eng
your,Eng,Eng
views,Eng,Eng
If,Eng,Eng
chanting,Eng,Eng
Bharat,Hin,Ot
Mata,Hin,Hin
Ki,Hin,Hin
Jai,Hin,Hin
could,Eng,Eng
make,Eng,Eng
one,Eng,Eng
a,Eng,Eng
patriot,Eng,Eng
Bharat,Eng,Ot
will,Eng,Eng
be,Eng,Eng
a,Eng,Eng
Mah,Hin,Hin
news Didnt twt about Jihadi friends gettin bail surprise JNU aur Prestitudes ke ghar party aaj,,
news,Eng,Eng
Didnt,Hin,Eng
twt,Hin,Eng
about,Eng,Eng
Jihadi,Eng,Eng
friends,Eng,Eng
gettin,Eng,Eng
bail,Eng,Eng
surprise,Eng,Eng
JNU,Hin,Ot
aur,Hin,Hin
Prestitudes,Eng,Eng
ke,Hin,Hin
ghar,Hin,Hin
party,Hin,Hin
aaj,Hin,Hin
NOW MEA BHAA DESH AB BADLEGA HAS OFF COWED,,
NOW,Hin,Eng
MEA,Hin,Hin
BHAA,Hin,Ot
DESH,Hin,Hin
AB,Hin,Hin
BADLEGA,Hin,Hin
HAS,Hin,Eng
OFF,Hin,Hin
COWED,Hin,Hin
Use samjhaya tha to tread the path of honesty amp all amp you already know unhone apna ghar Kartik ke naam pe kiya tha,,
Use,Hin,Hin
samjhaya,Hin,Hin
tha,Hin,Hin
to,Eng,Eng
tread,Eng,Eng
the,Eng,Eng
path,Eng,Eng
of,Eng,Eng
honesty,Eng,Eng
amp,Eng,Ot
all,Eng,Eng
amp,Eng,Ot
you,Eng,Eng
already,Eng,Eng
know,Eng,Eng
unhone,Hin,Hin
apna,Hin,Hin
ghar,Hin,Hin
Kartik,Hin,Ot
ke,Hin,Hin
naam,Hin,Hin
pe,Hin,Hin
kiya,Hin,Hin
tha,Hin,Hin
saloni Just ordered pizza I have an hour to chill fir 11 bje tak i will study 12bje ankan ke ghar birthday hai uska xD,,
saloni,Hin,Ot
Just,Eng,Eng
ordered,Eng,Eng
pizza,Eng,Eng
I,Hin,Hin
have,Eng,Eng
an,Eng,Eng
hour,Eng,Eng
to,Eng,Eng
chill,Eng,Eng
fir,Hin,Hin
11,O,Ot
bje,Hin,Hin
tak,Hin,Hin
i,Eng,Eng
will,Eng,Eng
study,Eng,Eng
12bje,Eng,Mix
ankan,Hin,Ot
ke,Hin,Hin
ghar,Hin,Hin
birthday,Hin,Hin
hai,Hin,Hin
uska,Hin,Hin
xD,Hin,Ot
Famous Baakiyo ke liye hoga apne liye ghar jaisa hai been here many times amp not really if you are happy so won t be p c,,
Famous,Hin,Eng
Baakiyo,Hin,Hin
ke,Hin,Hin
liye,Hin,Hin
hoga,Hin,Hin
apne,Hin,Hin
liye,Hin,Hin
ghar,Hin,Hin
jaisa,Hin,Hin
hai,Hin,Hin
been,Hin,Eng
here,Eng,Eng
many,Eng,Eng
times,Eng,Eng
amp,Eng,Ot
not,Eng,Eng
really,Eng,Eng
if,Eng,Eng
you,Eng,Eng
are,Eng,Eng
happy,Eng,Eng
so,Eng,Eng
won,Eng,Eng
t,Eng,Eng
be,Hin,Eng
p,Eng,Eng
c,Eng,Eng
Awesome mausam in Delhi just took a walk on India gate path loved loved loved it saddi delhi,,
Awesome,Hin,Eng
mausam,Hin,Hin
in,Hin,Hin
Delhi,Eng,Ot
just,Eng,Eng
took,Eng,Eng
a,Eng,Eng
walk,Eng,Eng
on,Eng,Eng
India,Hin,Ot
gate,Hin,Hin
path,Eng,Eng
loved,Eng,Eng
loved,Eng,Eng
loved,Eng,Eng
it,Eng,Eng
saddi,Hin,Hin
delhi,Hin,Ot
Happy to hear this Media ji aap desh mein hi hain na,,
Happy,Eng,Eng
to,Eng,Eng
hear,Eng,Eng
this,Eng,Eng
Media,Eng,Eng
ji,Hin,Hin
aap,Hin,Hin
desh,Hin,Hin
mein,Hin,Hin
hi,Hin,Hin
hain,Hin,Hin
na,Hin,Hin
porikhhar ager din raat e pore exam saowa that s what I am,,
porikhhar,Hin,Ot
ager,Hin,Hin
din,Hin,Hin
raat,Hin,Hin
e,Hin,Hin
pore,Eng,Hin
exam,Eng,Eng
saowa,Eng,Hin
that,Eng,Eng
s,Eng,Eng
what,Hin,Eng
I,Eng,Eng
am,Eng,Eng
Happy to hear this Media ji aap desh mein hi hain na,,
Happy,Eng,Eng
to,Eng,Eng
hear,Eng,Eng
this,Eng,Eng
Media,Eng,Eng
ji,Hin,Hin
aap,Hin,Hin
desh,Hin,Hin
mein,Hin,Hin
hi,Hin,Hin
hain,Hin,Hin
na,Hin,Hin
bandlaguda ghouse nagar ma kuch gareeb lgo ke ghar tod daye gaye is pa aap ke khomoshi kyu please help them for poor people s,,
bandlaguda,Hin,Ot
ghouse,Hin,Ot
nagar,Hin,Hin
ma,Hin,Hin
kuch,Hin,Hin
gareeb,Hin,Hin
lgo,Hin,Hin
ke,Hin,Hin
ghar,Hin,Hin
tod,Hin,Hin
daye,Hin,Hin
gaye,Hin,Hin
is,Hin,Hin
pa,Hin,Hin
aap,Hin,Hin
ke,Hin,Hin
khomoshi,Hin,Hin
kyu,Hin,Hin
please,Eng,Eng
help,Eng,Eng
them,Eng,Eng
for,Eng,Eng
poor,Eng,Eng
people,Eng,Eng
s,Eng,Eng
Atif s Concert WItH SonU listening to Mujhe raat din Bas Mujhe Chahti Ho,,
Atif,Eng,Ot
s,Eng,Eng
Concert,Hin,Eng
WItH,Hin,Hin
SonU,Hin,Hin
listening,Eng,Eng
to,Hin,Hin
Mujhe,Hin,Hin
raat,Hin,Hin
din,Hin,Hin
Bas,Hin,Hin
Mujhe,Hin,Hin
Chahti,Hin,Hin
Ho,Hin,Hin
desh mein candles khatam ho gye rip,,
desh,Hin,Hin
mein,Hin,Hin
candles,Hin,Hin
khatam,Hin,Hin
ho,Hin,Hin
gye,Hin,Hin
rip,Eng,Eng
hats off for ur jnu its ur corage u challenge desh drohi at his campus ghar main ghus ke thapad,,
hats,Eng,Eng
off,Eng,Eng
for,Eng,Eng
ur,Hin,Eng
jnu,Hin,Ot
its,Hin,Eng
ur,Eng,Eng
corage,Eng,Eng
u,Eng,Eng
challenge,Hin,Eng
desh,Hin,Hin
drohi,Hin,Hin
at,Eng,Eng
his,Eng,Eng
campus,Eng,Eng
ghar,Hin,Hin
main,Hin,Hin
ghus,Hin,Hin
ke,Hin,Hin
thapad,Hin,Hin
adarsh family film with leftist Western style Na ghar ke Na ghat ke,,
adarsh,Eng,Ot
family,Eng,Eng
film,Eng,Eng
with,Eng,Eng
leftist,Eng,Eng
Western,Eng,Eng
style,Eng,Eng
Na,Hin,Hin
ghar,Hin,Hin
ke,Hin,Hin
Na,Hin,Hin
ghat,Hin,Hin
ke,Hin,Hin
NOW WHA BLOODY OWAISI WILL DO,,
NOW,Hin,Eng
WHA,Hin,Eng
BLOODY,Hin,Eng
OWAISI,Hin,Ot
WILL,Hin,Eng
DO,Hin,Eng
yeh to orwasi ko bhi Sath mein Mila lega election k liye election se phle to desh Bhagat,,
yeh,Hin,Hin
to,Hin,Hin
orwasi,Hin,Ot
ko,Hin,Hin
bhi,Hin,Hin
Sath,Hin,Hin
mein,Hin,Hin
Mila,Hin,Hin
lega,Hin,Hin
election,Eng,Eng
k,Hin,Hin
liye,Hin,Hin
election,Hin,Eng
se,Hin,Hin
phle,Hin,Hin
to,Eng,Hin
desh,Hin,Hin
Bhagat,Hin,Hin
MEE GHA KE PAAS CHAA SHOP HAI HEI GOLGAPPE AE SO GOOD,,
MEE,Hin,Hin
GHA,Hin,Hin
KE,Hin,Hin
PAAS,Hin,Hin
CHAA,Hin,Hin
SHOP,Hin,Hin
HAI,Hin,Hin
HEI,Hin,Hin
GOLGAPPE,Hin,Hin
AE,Hin,Hin
SO,Hin,Eng
GOOD,Hin,Eng
srsly Aaj mom kehte tum na apne routine theek krlo din bhar u sleep n raat mai u sleep i was like nono last ppr hai kr lene do,,
srsly,Hin,Eng
Aaj,Hin,Hin
mom,Hin,Eng
kehte,Hin,Hin
tum,Hin,Hin
na,Hin,Hin
apne,Hin,Hin
routine,Eng,Eng
theek,Eng,Hin
krlo,Eng,Hin
din,Hin,Hin
bhar,Hin,Hin
u,Eng,Eng
sleep,Eng,Eng
n,Hin,Eng
raat,Hin,Hin
mai,Hin,Hin
u,Hin,Eng
sleep,Eng,Eng
i,Eng,Eng
was,Eng,Eng
like,Eng,Eng
nono,Eng,Eng
last,Eng,Eng
ppr,Hin,Eng
hai,Hin,Hin
kr,Hin,Hin
lene,Hin,Hin
do,Hin,Hin
Is desh mein sabse garib kaun Our crorepati MP MLA Everything from government Applying comman sense is unacceptable,,
Is,Hin,Hin
desh,Hin,Hin
mein,Hin,Hin
sabse,Hin,Hin
garib,Hin,Hin
kaun,Hin,Hin
Our,Hin,Eng
crorepati,Hin,Eng
MP,Eng,Ot
MLA,Eng,Ot
Everything,Eng,Eng
from,Eng,Eng
government,Eng,Eng
Applying,Eng,Eng
comman,Eng,Eng
sense,Eng,Eng
is,Eng,Eng
unacceptable,Eng,Eng