Dear Goroun So proud of you Pure example of Ghar Mein Ghuss Ke Marna,,
Dear,Eng,Eng
Goroun,Hin,Hin
So,Hin,Eng
proud,Eng,Eng
of,Eng,Eng
you,Eng,Eng
Pure,Eng,Eng
example,Eng,Eng
of,Eng,Eng
Ghar,Hin,Hin
Mein,Hin,Hin
Ghuss,Hin,Hin
Ke,Hin,Hin
Marna,Hin,Hin
look he is saying ghar ke shair but in ur ghar no matches so shutup,,
look,Eng,Eng
he,Eng,Eng
is,Eng,Eng
saying,Eng,Eng
ghar,Hin,Hin
ke,Hin,Hin
shair,Hin,Hin
but,Eng,Eng
in,Eng,Eng
ur,Hin,Eng
ghar,Hin,Hin
no,Eng,Eng
matches,Eng,Eng
so,Eng,Eng
shutup,Hin,Eng
New Zealand ke to aylor bhi kitne advanced hain Apne desh ki cricket team mein khel rhe hain p,,
New,Eng,Ot
Zealand,Eng,Ot
ke,Eng,Hin
to,Eng,Hin
aylor,Eng,Ot
bhi,Hin,Hin
kitne,Hin,Hin
advanced,Eng,Eng
hain,Hin,Hin
Apne,Hin,Hin
desh,Hin,Hin
ki,Hin,Hin
cricket,Hin,Hin
team,Hin,Hin
mein,Hin,Hin
khel,Hin,Hin
rhe,Hin,Hin
hain,Hin,Hin
p,Hin,Ot
Ghar ke Sherrrrrr Ghar mai Dheerr feeling happy,,
Ghar,Hin,Hin
ke,Hin,Hin
Sherrrrrr,Hin,Hin
Ghar,Hin,Hin
mai,Hin,Hin
Dheerr,Hin,Hin
feeling,Eng,Eng
happy,Eng,Eng
his what actually Ghar mein ghuss ke marna is,,
his,Eng,Eng
what,Eng,Eng
actually,Eng,Eng
Ghar,Hin,Hin
mein,Hin,Hin
ghuss,Hin,Hin
ke,Hin,Hin
marna,Hin,Hin
is,Hin,Hin
20 W0LD CUP IND VS NZ Dil ke Arman Anso ban Kar beh Gae Indian Sher Ghar Men He Ho Gae Dhear Newzland Ne India ko 47 uns Hara Deya,,
20,O,Ot
W0LD,Eng,Eng
CUP,Eng,Eng
IND,Hin,Ot
VS,Eng,Eng
NZ,Eng,Ot
Dil,Hin,Hin
ke,Hin,Hin
Arman,Hin,Hin
Anso,Hin,Hin
ban,Hin,Hin
Kar,Hin,Hin
beh,Hin,Hin
Gae,Hin,Hin
Indian,Eng,Ot
Sher,Hin,Hin
Ghar,Hin,Hin
Men,Hin,Hin
He,Hin,Hin
Ho,Hin,Hin
Gae,Hin,Hin
Dhear,Eng,Eng
Newzland,Eng,Ot
Ne,Hin,Hin
India,Hin,Ot
ko,Hin,Hin
47,O,Ot
uns,Hin,Hin
Hara,Hin,Hin
Deya,Hin,Hin
Laut ke buddhu ghar ko aaye aisa b Nhi Bol skte 79is also a nyc score,,
Laut,Hin,Hin
ke,Hin,Hin
buddhu,Hin,Hin
ghar,Hin,Hin
ko,Hin,Hin
aaye,Hin,Hin
aisa,Hin,Hin
b,Hin,Hin
Nhi,Hin,Hin
Bol,Hin,Hin
skte,Eng,Hin
79is,Eng,Mix
also,Eng,Eng
a,Eng,Eng
nyc,Eng,Eng
score,Eng,Eng
Atleast better than ghar ke kutte who can t even play in Apne ghar,,
Atleast,Eng,Eng
better,Eng,Eng
than,Eng,Eng
ghar,Hin,Hin
ke,Hin,Hin
kutte,Hin,Hin
who,Eng,Eng
can,Eng,Eng
t,Eng,Eng
even,Eng,Eng
play,Eng,Eng
in,Hin,Hin
Apne,Hin,Hin
ghar,Hin,Hin
aashim yr had hn 79 pe too bad wo b ghr pr yeh tou wo hogya ghr ke sher ghar pe he dher,,
aashim,Hin,Ot
yr,Eng,Eng
had,Eng,Eng
hn,Hin,Hin
79,O,Ot
pe,Hin,Hin
too,Hin,Eng
bad,Hin,Eng
wo,Hin,Hin
b,Hin,Hin
ghr,Hin,Hin
pr,Hin,Hin
yeh,Hin,Hin
tou,Hin,Hin
wo,Hin,Hin
hogya,Hin,Hin
ghr,Hin,Hin
ke,Hin,Hin
sher,Hin,Hin
ghar,Hin,Hin
pe,Hin,Hin
he,Hin,Hin
dher,Hin,Hin
New Zealand Won by 47 runss yayaya Ghar ke sher Ghar me dher p,,
New,Eng,Ot
Zealand,Eng,Ot
Won,Eng,Eng
by,Eng,Eng
47,O,Ot
runss,Eng,Eng
yayaya,Hin,Ot
Ghar,Hin,Hin
ke,Hin,Hin
sher,Hin,Hin
Ghar,Hin,Hin
me,Hin,Hin
dher,Hin,Hin
p,Hin,Ot
JO BANE HE GHA KE SHE AB PANI UNKE ANKHON ME Love you,,
JO,Hin,Hin
BANE,Hin,Hin
HE,Hin,Hin
GHA,Hin,Hin
KE,Hin,Hin
SHE,Hin,Hin
AB,Hin,Hin
PANI,Hin,Hin
UNKE,Hin,Hin
ANKHON,Hin,Hin
ME,Hin,Hin
Love,Hin,Eng
you,Hin,Eng
lt CICKE gt Nagpur Ghar Ke Shair Ghar Main Dhair World  20 Ke Pehle Hi Match Main New Zealand Ne Maizban Bharat Ko 47 uns Se Hara Diya,,
lt,Eng,Eng
CICKE,Eng,?
gt,Eng,Eng
Nagpur,Eng,O
Ghar,Hin,Hin
Ke,Hin,Hin
Shair,Hin,Hin
Ghar,Hin,Hin
Main,Hin,Hin
Dhair,Hin,Hin
World,Hin,Eng
20,O,Ot
Ke,Hin,Hin
Pehle,Hin,Hin
Hi,Hin,Hin
Match,Hin,Eng
Main,Eng,Hin
New,Eng,Ot
Zealand,Eng,Ot
Ne,Hin,Hin
Maizban,Hin,Hin
Bharat,Hin,Ot
Ko,Hin,Hin
47,O,Ot
uns,Hin,Eng
Se,Hin,Hin
Hara,Hin,Hin
Diya,Hin,Hin
hahaha india ke ghar pr he mehmanoo na band bja de lolzz thanks for breaking their proud of asian champions,,
hahaha,Hin,Ot
india,Hin,Ot
ke,Hin,Hin
ghar,Hin,Hin
pr,Hin,Hin
he,Hin,Hin
mehmanoo,Hin,Hin
na,Hin,Hin
band,Hin,Hin
bja,Hin,Hin
de,Hin,Hin
lolzz,Eng,OT
thanks,Eng,Eng
for,Eng,Eng
breaking,Eng,Eng
their,Eng,Eng
proud,Eng,Eng
of,Eng,Eng
asian,Eng,Eng
champions,Eng,Eng
Ghar Ke Sher Ghar Me Dhair World Cup Ke Pehly Match Me NewZealand Ne india Ko 47 uns Se Hara Diya NZ 126 7 Ovr 20 india 79 10 18 1 Ovr,,
Ghar,Hin,Hin
Ke,Hin,Hin
Sher,Hin,Hin
Ghar,Hin,Hin
Me,Hin,Hin
Dhair,Hin,Hin
World,Eng,Eng
Cup,Hin,Eng
Ke,Hin,Hin
Pehly,Eng,Eng
Match,Eng,Eng
Me,Eng,Eng
NewZealand,Eng,Ot
Ne,Eng,Eng
india,Hin,Ot
Ko,Hin,Hin
47,O,Ot
uns,Hin,Eng
Se,Hin,Hin
Hara,Hin,Hin
Diya,Hin,Hin
NZ,Eng,Ot
126,O,Ot
7,O,Ot
Ovr,Eng,Eng
20,O,Ot
india,Eng,Eng
79,O,Ot
10,O,Ot
18,O,Ot
1,O,Ot
Ovr,Eng,Eng
please trust india they can make much worst pitch than this dont underestimateghar ke shair,,
please,Eng,Eng
trust,Eng,Eng
india,Eng,Ot
they,Eng,Eng
can,Eng,Eng
make,Eng,Eng
much,Eng,Eng
worst,Eng,Eng
pitch,Eng,Eng
than,Eng,Eng
this,Eng,Eng
dont,Eng,Eng
underestimateghar,Eng,Mix
ke,Hin,Hin
shair,Hin,Hin
Whatever score we got we knew it would be tough to chase Williamson,,
Whatever,Eng,Eng
score,Eng,Eng
we,Eng,Eng
got,Eng,Eng
we,Eng,Eng
knew,Eng,Eng
it,Eng,Eng
would,Eng,Eng
be,Eng,Eng
tough,Eng,Eng
to,Eng,Eng
chase,Eng,Eng
Williamson,Eng,Ot
Ghar Ke Shair Ghar Main Dhair New Zealand beats Bharat by 47 uns Bingo,,
Ghar,Hin,Hin
Ke,Hin,Hin
Shair,Hin,Hin
Ghar,Hin,Hin
Main,Hin,Hin
Dhair,Eng,Hin
New,Eng,Ot
Zealand,Eng,Ot
beats,Eng,Eng
Bharat,Eng,Ot
by,Eng,Eng
47,O,Ot
uns,Eng,Eng
Bingo,Eng,Eng
kis desh mein Hai Mera dil is coming back on star utsav From 4th April 6 30pm n shown ptomo,,
kis,Hin,Hin
desh,Hin,Hin
mein,Hin,Hin
Hai,Hin,Hin
Mera,Hin,Hin
dil,Hin,Hin
is,Eng,Eng
coming,Eng,Eng
back,Eng,Eng
on,Eng,Eng
star,Eng,Ot
utsav,Hin,Ot
From,Eng,Eng
4th,Eng,Ot
April,Eng,Ot
6,O,Ot
30pm,Eng,Ot
n,Eng,Eng
shown,Eng,Eng
ptomo,Eng,Eng
Hamid Mir ne trainer ke ghar ka pata chala lya ha Soon he will do a program on it,,
Hamid,Eng,Ot
Mir,Hin,Ot
ne,Eng,Hin
trainer,Eng,Eng
ke,Hin,Hin
ghar,Hin,Hin
ka,Hin,Hin
pata,Hin,Hin
chala,Hin,Hin
lya,Hin,Hin
ha,Hin,Hin
Soon,Hin,Eng
he,Eng,Eng
will,Eng,Eng
do,Eng,Eng
a,Eng,Eng
program,Eng,Eng
on,Eng,Eng
it,Eng,Eng
i can just say Ghar ke sher Ghar hi me dher Well Played Kiwis,,
i,Hin,Eng
can,Eng,Eng
just,Eng,Eng
say,Hin,Eng
Ghar,Hin,Hin
ke,Hin,Hin
sher,Hin,Hin
Ghar,Hin,Hin
hi,Hin,Hin
me,Hin,Hin
dher,Hin,Hin
Well,Eng,Eng
Played,Eng,Eng
Kiwis,Eng,Eng
Danka waju de danka NZ well played Sher ko sher ke ghar main ja ke challenge karna is act of bravery,,
Danka,Hin,?
waju,Hin,?
de,Hin,?
danka,Hin,?
NZ,Eng,Ot
well,Eng,Eng
played,Eng,Eng
Sher,Eng,Eng
ko,Hin,Hin
sher,Hin,Hin
ke,Hin,Hin
ghar,Hin,Hin
main,Hin,Hin
ja,Hin,Hin
ke,Hin,Hin
challenge,Hin,Eng
karna,Hin,Hin
is,Eng,Eng
act,Eng,Eng
of,Eng,Eng
bravery,Eng,Eng
CICKE gt Nagpur Ghar Ke Sher Ghar Men Dher World  20 Ke Pehle Hi Match Men New Zealand Ne Maizban Bharat Ko 47 uns Se Hara Diya,,
CICKE,Eng,Eng
gt,Eng,Ot
Nagpur,Eng,Ot
Ghar,Hin,Hin
Ke,Hin,Hin
Sher,Hin,Hin
Ghar,Hin,Hin
Men,Hin,Hin
Dher,Hin,Hin
World,Hin,Eng
20,O,Ot
Ke,Hin,Hin
Pehle,Hin,Hin
Hi,Hin,Hin
Match,Hin,Eng
Men,Hin,Eng
New,Eng,Ot
Zealand,Eng,Ot
Ne,Hin,Hin
Maizban,Hin,Hin
Bharat,Hin,Ot
Ko,Hin,Hin
47,O,Ot
uns,Hin,Hin
Se,Hin,Hin
Hara,Hin,Hin
Diya,Hin,Hin
Craving for Grima ke ghar ke cheese chips,,
Craving,Eng,Eng
for,Eng,Eng
Grima,Eng,Eng
ke,Hin,Hin
ghar,Hin,Hin
ke,Hin,Hin
cheese,Eng,Eng
chips,Eng,Eng
What time changed Ghar ke sher aur bahir dher shld I show u the recent record of Indian team,,
What,Eng,Eng
time,Eng,Eng
changed,Eng,Eng
Ghar,Hin,Hin
ke,Hin,Hin
sher,Hin,Hin
aur,Hin,Hin
bahir,Hin,Hin
dher,Hin,Hin
shld,Hin,Eng
I,Hin,Eng
show,Hin,Eng
u,Hin,Eng
the,Eng,Eng
recent,Eng,Eng
record,Eng,Eng
of,Eng,Eng
Indian,Eng,Eng
team,Eng,Eng
Liebhabe another thing common between India and Pakistan Ladki chahe kisi bhi desh mein ho never give up hope,,
Liebhabe,Eng,?
another,Eng,Eng
thing,Eng,Eng
common,Eng,Eng
between,Eng,Eng
India,Eng,Eng
and,Eng,Eng
Pakistan,Eng,Eng
Ladki,Hin,Hin
chahe,Hin,Hin
kisi,Hin,Hin
bhi,Hin,Hin
desh,Hin,Hin
mein,Hin,Hin
ho,Hin,Hin
never,Hin,Eng
give,Eng,Eng
up,Eng,Eng
hope,Eng,Eng
AKAAL DEAH WAAN IS SIGNED BY JANAA JANADHAN OF BHAA DESH NOW MONKEY DANCE 2 MISGUIDE amp FOOL VOES ha ha,,
AKAAL,Hin,?
DEAH,Hin,?
WAAN,Hin,?
IS,Hin,Eng
SIGNED,Hin,Eng
BY,Hin,Eng
JANAA,Hin,Ot
JANADHAN,Hin,Ot
OF,Hin,Hin
BHAA,Hin,Hin
DESH,Hin,Hin
NOW,Hin,Eng
MONKEY,Hin,Eng
DANCE,Hin,Eng
2,O,Ot
MISGUIDE,Hin,Eng
amp,Hin,Ot
FOOL,Hin,Eng
VOES,Hin,Eng
ha,Hin,Ot
ha,Hin,Ot
You know whats 3 best thing Subh ki neend Din ki neend aat ki neend I love you my neend Morning family Shahista,,
You,Hin,Eng
know,Hin,Eng
whats,Eng,Eng
3,O,Ot
best,Eng,Eng
thing,Eng,Eng
Subh,Hin,Hin
ki,Hin,Hin
neend,Hin,Hin
Din,Hin,Hin
ki,Hin,Hin
neend,Hin,Hin
aat,Hin,Hin
ki,Hin,Hin
neend,Hin,Hin
I,Hin,Eng
love,Hin,Eng
you,Hin,Eng
my,Eng,Eng
neend,Hin,Hin
Morning,Eng,Eng
family,Eng,Eng
Shahista,Eng,?
Modi ji you said gt nobody can become leader by giving speeches but same applies to you 2 years passed but na acche din na acche raat dikha,,
Modi,Hin,Ot
ji,Hin,Hin
you,Hin,Eng
said,Eng,Eng
gt,Eng,Ot
nobody,Eng,Eng
can,Eng,Eng
become,Eng,Eng
leader,Eng,Eng
by,Eng,Eng
giving,Eng,Eng
speeches,Eng,Eng
but,Eng,Eng
same,Eng,Eng
applies,Eng,Eng
to,Eng,Eng
you,Eng,Eng
2,O,Ot
years,Eng,Eng
passed,Eng,Eng
but,Eng,Eng
na,Hin,Hin
acche,Hin,Hin
din,Hin,Hin
na,Hin,Hin
acche,Hin,Hin
raat,Hin,Hin
dikha,Hin,Hin
WE HAVE UE HUMAN WHO KNOW NAMAK IS OF BHAA DESH NAMAK HAAAM AE OU NAMAK BU ACION  FULLY HAAAMI GADE,,
WE,Hin,Eng
HAVE,Hin,Eng
UE,Hin,Eng
HUMAN,Hin,Eng
WHO,Hin,Eng
KNOW,Hin,Eng
NAMAK,Hin,Hin
IS,Hin,Eng
OF,Hin,Eng
BHAA,Hin,Ot
DESH,Hin,Ot
NAMAK,Hin,Hin
HAAAM,Hin,Hin
AE,Hin,Hin
OU,Hin,Hin
NAMAK,Hin,Hin
BU,Hin,Hin
ACION,Hin,Hin
FULLY,Hin,Eng
HAAAMI,Hin,Hin
GADE,Hin,Hin
World Cup 20 Ghar Ke Sher Ghar Main He Dher Newzlend Ki eam India Ko Badtreen Shiksat De Di Ind 79 Pe All Out,,
World,Eng,Eng
Cup,Hin,Eng
20,O,Ot
Ghar,Hin,Hin
Ke,Hin,Hin
Sher,Hin,Hin
Ghar,Hin,Hin
Main,Hin,Hin
He,Hin,Hin
Dher,Hin,Hin
Newzlend,Hin,Ot
Ki,Hin,Hin
eam,Hin,Hin
India,Hin,Eng
Ko,Hin,Hin
Badtreen,Hin,Hin
Shiksat,Eng,Eng
De,Hin,Hin
Di,Hin,Hin
Ind,Hin,Eng
79,O,Ot
Pe,Hin,Hin
All,Hin,Eng
Out,Eng,Eng
WACH HIS amp SHAE I DESH ME EHNA HAI O VANDE MAAAM BOLANA HAI EWEE HIS FO BHAA,,
WACH,Hin,Hin
HIS,Hin,Hin
amp,Hin,Ot
SHAE,Hin,?
I,Hin,Hin
DESH,Hin,Hin
ME,Hin,Hin
EHNA,Hin,Hin
HAI,Hin,Hin
O,Hin,Hin
VANDE,Hin,Hin
MAAAM,Hin,Hin
BOLANA,Hin,Hin
HAI,Hin,Hin
EWEE,Eng,Hin
HIS,Eng,Eng
FO,Hin,Hin
BHAA,Hin,Hin
its means ap din doogni raat chogni tarqi kr rahy hein,,
its,Eng,Eng
means,Eng,Eng
ap,Eng,Eng
din,Hin,Hin
doogni,Hin,Hin
raat,Hin,Hin
chogni,Hin,Hin
tarqi,Hin,Hin
kr,Hin,Hin
rahy,Eng,Eng
hein,Hin,Hin
hese BJP politicians should understand that chanting Bharat Mata Ki Jai does not make one Desh Bhakt,,
hese,Eng,Eng
BJP,Eng,Ot
politicians,Eng,Eng
should,Eng,Eng
understand,Eng,Eng
that,Eng,Eng
chanting,Eng,Eng
Bharat,Hin,Ot
Mata,Hin,Hin
Ki,Hin,Hin
Jai,Eng,Eng
does,Eng,Eng
not,Eng,Eng
make,Eng,Eng
one,Eng,Eng
Desh,Hin,Ot
Bhakt,Hin,Ot
Desh mulk watan India Hindustan or Bharat all are pulling gender so how could be Bharat maata It should be BHAA KI DHAI MAA KI JAI,,
Desh,Hin,Hin
mulk,Hin,Hin
watan,Hin,Hin
India,Hin,Ot
Hindustan,Eng,Ot
or,Hin,Hin
Bharat,Hin,Ot
all,Eng,Eng
are,Eng,Eng
pulling,Eng,Eng
gender,Eng,Eng
so,Eng,Eng
how,Eng,Eng
could,Eng,Eng
be,Eng,Eng
Bharat,Hin,Ot
maata,Hin,Hin
It,Eng,Eng
should,Eng,Eng
be,Hin,Eng
BHAA,Hin,Hin
KI,Hin,Hin
DHAI,Hin,Hin
MAA,Hin,Hin
KI,Hin,Hin
JAI,Hin,Hin
his is how telecom companies sell Call 5330011 Khoobsurat LADKI ke saath karein PYA ki baatein Din aat Abhi call karein pr 3 99 m,,
his,Eng,Eng
is,Eng,Eng
how,Eng,Eng
telecom,Eng,Eng
companies,Eng,Eng
sell,Eng,Eng
Call,Hin,Eng
5330011,O,Ot
Khoobsurat,Hin,Hin
LADKI,Hin,Hin
ke,Hin,Hin
saath,Hin,Hin
karein,Hin,Hin
PYA,Hin,Hin
ki,Hin,Hin
baatein,Hin,Hin
Din,Hin,Hin
aat,Hin,Hin
Abhi,Hin,Hin
call,Hin,Eng
karein,Hin,Hin
pr,Hin,Hin
3,O,Ot
99,O,Ot
m,Hin,?
But why peoples were hooted during Nitish speech not still BJP is in elections mode,,
But,Eng,Eng
why,Eng,Eng
peoples,Eng,Eng
were,Eng,Eng
hooted,Eng,Eng
during,Eng,Eng
Nitish,Eng,Ot
speech,Eng,Eng
not,Eng,Eng
still,Eng,Eng
BJP,Eng,Ot
is,Eng,Eng
in,Eng,Eng
elections,Eng,Eng
mode,Eng,Eng
his is how telecom companies sell Call 5330011 Khoobsurat LADKI ke saath karein PYA ki baatein Din aat Abhi call karein p,,
his,Eng,Eng
is,Eng,Eng
how,Eng,Eng
telecom,Eng,Eng
companies,Eng,Eng
sell,Eng,Eng
Call,Hin,Eng
5330011,O,Ot
Khoobsurat,Hin,Hin
LADKI,Hin,Hin
ke,Hin,Hin
saath,Hin,Hin
karein,Hin,Hin
PYA,Hin,Hin
ki,Hin,Hin
baatein,Hin,Hin
Din,Hin,Hin
aat,Hin,Hin
Abhi,Hin,Hin
call,Hin,Eng
karein,Hin,Hin
p,Hin,Ot
Imagine SK tweeting ecommend a good place to take a dump in mumbai rolls Ghar ke saamne jo samandar hain wahi baith jao paper leke,,
Imagine,Eng,Eng
SK,Eng,Ot
tweeting,Eng,Eng
ecommend,Eng,Eng
a,Eng,Eng
good,Eng,Eng
place,Eng,Eng
to,Eng,Eng
take,Eng,Eng
a,Eng,Eng
dump,Eng,Eng
in,Eng,Eng
mumbai,Hin,Ot
rolls,Eng,Eng
Ghar,Hin,Hin
ke,Hin,Hin
saamne,Hin,Hin
jo,Hin,Hin
samandar,Hin,Hin
hain,Hin,Hin
wahi,Hin,Hin
baith,Hin,Hin
jao,Hin,Hin
paper,Hin,Hin
leke,Hin,Hin
97 Maine galti ki tumhe bata kar now u r upset elax yaar bhagwan ke ghar der hai andher nahi U will definitely meet him 1 day,,
97,O,Ot
Maine,Hin,Hin
galti,Hin,Hin
ki,Hin,Hin
tumhe,Hin,Hin
bata,Hin,Hin
kar,Hin,Hin
now,Hin,Eng
u,Hin,Eng
r,Eng,Eng
upset,Eng,Eng
elax,Eng,Eng
yaar,Hin,Hin
bhagwan,Hin,Hin
ke,Hin,Hin
ghar,Hin,Hin
der,Hin,Hin
hai,Hin,Hin
andher,Hin,Hin
nahi,Hin,Hin
U,Hin,Eng
will,Eng,Eng
definitely,Eng,Eng
meet,Eng,Eng
him,Eng,Eng
1,O,Ot
day,Eng,Eng
and when beats hat s apne ghar mein ghusa ke marna apne hi relative ko Bhai sports hai ake it lightly,,
and,Eng,Eng
when,Eng,Eng
beats,Eng,Eng
hat,Hin,Eng
s,Hin,Eng
apne,Hin,Hin
ghar,Hin,Hin
mein,Hin,Hin
ghusa,Hin,Hin
ke,Hin,Hin
marna,Hin,Hin
apne,Hin,Hin
hi,Hin,Hin
relative,Eng,Eng
ko,Hin,Hin
Bhai,Hin,Hin
sports,Eng,Eng
hai,Hin,Hin
ake,Hin,Hin
it,Eng,Eng
lightly,Eng,Eng
Agar aap ke ghar bhi horahe hain bachon ke Exams toh jaldi se tune in to our show,,
Agar,Hin,Hin
aap,Hin,Hin
ke,Hin,Hin
ghar,Hin,Hin
bhi,Hin,Hin
horahe,Hin,Hin
hain,Hin,Hin
bachon,Hin,Hin
ke,Hin,Hin
Exams,Eng,Eng
toh,Hin,Hin
jaldi,Hin,Hin
se,Hin,Hin
tune,Hin,Hin
in,Eng,Eng
to,Eng,Eng
our,Eng,Eng
show,Eng,Eng
Agar aap ke ghar bhi horahe hain bachon ke Exams toh jaldi se tune in to our show,,
Agar,Hin,Hin
aap,Hin,Hin
ke,Hin,Hin
ghar,Hin,Hin
bhi,Hin,Hin
horahe,Hin,Hin
hain,Hin,Hin
bachon,Hin,Hin
ke,Hin,Hin
Exams,Eng,Eng
toh,Hin,Hin
jaldi,Hin,Hin
se,Hin,Hin
tune,Hin,Hin
in,Eng,Eng
to,Eng,Eng
our,Eng,Eng
show,Eng,Eng
A lot of girls on my twitter amp insta amp fb love posting stuff about Islam ironically they ll have bf Din mein poja raat mein Duja,,
A,Eng,Eng
lot,Eng,Eng
of,Eng,Eng
girls,Eng,Eng
on,Eng,Eng
my,Eng,Eng
twitter,Eng,Ot
amp,Eng,Ot
insta,Eng,Ot
amp,Eng,Ot
fb,Hin,Ot
love,Eng,Eng
posting,Eng,Eng
stuff,Eng,Eng
about,Eng,Eng
Islam,Eng,Eng
ironically,Eng,Eng
they,Eng,Eng
ll,Eng,Eng
have,Hin,Eng
bf,Eng,Eng
Din,Hin,Hin
mein,Hin,Hin
poja,Hin,Hin
raat,Hin,Hin
mein,Hin,Hin
Duja,Hin,Hin
Suprabhatam Journalists should spend more time on facts less on motivated lies More news less personal agenda,,
Suprabhatam,Eng,Hin
Journalists,Eng,Eng
should,Eng,Eng
spend,Eng,Eng
more,Eng,Eng
time,Eng,Eng
on,Eng,Eng
facts,Eng,Eng
less,Eng,Eng
on,Eng,Eng
motivated,Eng,Eng
lies,Eng,Eng
More,Eng,Eng
news,Eng,Eng
less,Eng,Eng
personal,Eng,Eng
agenda,Eng,Eng
Another gem from the revolutionary Kanhaiya Gives credit for reduced oil prices to ISIS,,
Another,Eng,Eng
gem,Eng,Eng
from,Eng,Eng
the,Eng,Eng
revolutionary,Eng,Eng
Kanhaiya,Hin,Ot
Gives,Eng,Eng
credit,Eng,Eng
for,Eng,Eng
reduced,Eng,Eng
oil,Eng,Ot
prices,Eng,Eng
to,Eng,Eng
ISIS,Eng,Ot
Indian well meaning aunties are drawn towards ghar ke eligible or not bachelors spinsters like flies to jam he result always disgusting,,
Indian,Eng,Ot
well,Eng,Eng
meaning,Eng,Eng
aunties,Eng,Eng
are,Eng,Eng
drawn,Eng,Eng
towards,Eng,Eng
ghar,Hin,Hin
ke,Hin,Hin
eligible,Eng,Eng
or,Eng,Eng
not,Eng,Eng
bachelors,Eng,Eng
spinsters,Eng,Eng
like,Eng,Eng
flies,Eng,Eng
to,Eng,Eng
jam,Hin,Eng
he,Eng,Eng
result,Eng,Eng
always,Eng,Eng
disgusting,Eng,Eng
aap jaise professional ko parties hire karti hai desh mein nafrat failane ke U guys are masked ppls,,
aap,Hin,Hin
jaise,Hin,Hin
professional,Eng,Eng
ko,Hin,Hin
parties,Eng,Eng
hire,Hin,Hin
karti,Hin,Hin
hai,Hin,Hin
desh,Hin,Hin
mein,Hin,Hin
nafrat,Hin,Hin
failane,Hin,Hin
ke,Hin,Hin
U,Hin,Eng
guys,Eng,Eng
are,Eng,Eng
masked,Eng,Eng
ppls,Eng,Eng
logon mein intni aql hoti toh hamare desh ki yeh halat hoti but it s nice that u have such high expectations from them,,
logon,Hin,Hin
mein,Hin,Hin
intni,Hin,Hin
aql,Hin,Hin
hoti,Hin,Hin
toh,Hin,Hin
hamare,Hin,Hin
desh,Hin,Hin
ki,Hin,Hin
yeh,Hin,Hin
halat,Hin,Hin
hoti,Hin,Hin
but,Eng,Eng
it,Eng,Eng
s,Eng,Eng
nice,Eng,Eng
that,Eng,Eng
u,Hin,Hin
have,Eng,Eng
such,Eng,Eng
high,Eng,Eng
expectations,Eng,Eng
from,Eng,Eng
them,Eng,Eng
Why do i feel that Kasam is a sequel of kis desh mein hai mera dil I mean itni similarity,,
Why,Eng,Eng
do,Hin,Eng
i,Hin,Eng
feel,Hin,Eng
that,Eng,Eng
Kasam,Hin,Hin
is,Eng,Eng
a,Eng,Eng
sequel,Eng,Eng
of,Eng,Eng
kis,Hin,Hin
desh,Hin,Hin
mein,Hin,Hin
hai,Hin,Hin
mera,Hin,Hin
dil,Hin,Hin
I,Hin,Eng
mean,Hin,Eng
itni,Eng,Hin
similarity,Eng,Eng
Not that i am complaining but kis desh mein was one of best shows by EK and none can recreat the PreMeer magic,,
Not,Eng,Eng
that,Eng,Eng
i,Hin,Eng
am,Hin,Eng
complaining,Eng,Eng
but,Eng,Eng
kis,Hin,Hin
desh,Hin,Hin
mein,Hin,Hin
was,Eng,Eng
one,Eng,Eng
of,Eng,Eng
best,Eng,Eng
shows,Eng,Eng
by,Eng,Eng
EK,Hin,Ot
and,Eng,Eng
none,Eng,Eng
can,Eng,Eng
recreat,Eng,Eng
the,Eng,Eng
PreMeer,Hin,Eng
magic,Hin,Eng
Well said N btw psuedo nationalists r makin us speak our heart warna hum desh ka jazba dil mein liye ghumte the,,
Well,Eng,Eng
said,Eng,Eng
N,Eng,Eng
btw,Eng,Eng
psuedo,Eng,Eng
nationalists,Eng,Eng
r,Eng,Eng
makin,Eng,Eng
us,Eng,Eng
speak,Eng,Eng
our,Eng,Eng
heart,Eng,Eng
warna,Hin,Hin
hum,Hin,Hin
desh,Hin,Hin
ka,Hin,Hin
jazba,Hin,Hin
dil,Hin,Hin
mein,Hin,Hin
liye,Hin,Hin
ghumte,Hin,Hin
the,Hin,Hin
Ghar ke sher ghar me dher P,,
Ghar,Hin,Hin
ke,Hin,Hin
sher,Hin,Hin
ghar,Hin,Hin
me,Hin,Hin
dher,Hin,Hin
P,Eng,Ot
awesm my lord guru g ap din raat logo ki bad habbits khtm krvane me lage hue hat,,
awesm,Hin,Eng
my,Hin,Eng
lord,Eng,Ot
guru,Eng,Ot
g,Eng,Eng
ap,Eng,Eng
din,Hin,Hin
raat,Hin,Hin
logo,Hin,Hin
ki,Hin,Hin
bad,Hin,Eng
habbits,Eng,Eng
khtm,Hin,Hin
krvane,Hin,Hin
me,Hin,Hin
lage,Hin,Hin
hue,Hin,Hin
hat,Hin,Hin
Same story like kis desh mein hai mera dil no change Bloody hell,,
Same,Eng,Eng
story,Eng,Eng
like,Hin,Eng
kis,Hin,Hin
desh,Hin,Hin
mein,Hin,Hin
hai,Hin,Hin
mera,Hin,Hin
dil,Hin,Hin
no,Eng,Eng
change,Eng,Eng
Bloody,Eng,Eng
hell,Eng,Eng
Chalo Shaheer ke ghar S Don t run please We will chase u,,
Chalo,Hin,Hin
Shaheer,Hin,Hin
ke,Hin,Hin
ghar,Hin,Hin
S,Hin,Hin
Don,Eng,Eng
t,Eng,Eng
run,Eng,Eng
please,Eng,Eng
We,Eng,Eng
will,Eng,Eng
chase,Eng,Eng
u,Eng,Eng
Why use d word MAA here Say Bharat Desh Ki Jai amp all will join d chorus,,
Why,Eng,Eng
use,Eng,Eng
d,Eng,Eng
word,Eng,Eng
MAA,Hin,Hin
here,Hin,Hin
Say,Hin,Hin
Bharat,Hin,Ot
Desh,Hin,Hin
Ki,Hin,Hin
Jai,Hin,Hin
amp,Eng,Ot
all,Eng,Eng
will,Eng,Eng
join,Eng,Eng
d,Hin,Hin
chorus,Eng,Eng
Why use d word MAA here Say Bharat Desh Ki Jai amp all will join d chorus,,
Why,Eng,Eng
use,Eng,Eng
d,Eng,Eng
word,Eng,Eng
MAA,Hin,Hin
here,Hin,Hin
Say,Hin,Hin
Bharat,Hin,Ot
Desh,Hin,Hin
Ki,Hin,Hin
Jai,Hin,Hin
amp,Eng,Ot
all,Eng,Eng
will,Eng,Eng
join,Eng,Eng
d,Hin,Eng
chorus,Eng,Eng
his is the reason you guys lost 2014 U think secularism is deshbhakti bt u forgot Bharat Mata ki Jai is real desh Bhakti,,
his,Eng,Eng
is,Eng,Eng
the,Eng,Eng
reason,Eng,Eng
you,Eng,Eng
guys,Eng,Eng
lost,Hin,Hin
2014,O,Ot
U,Hin,Hin
think,Eng,Eng
secularism,Eng,Eng
is,Eng,Eng
deshbhakti,Hin,Hin
bt,Hin,Eng
u,Hin,Eng
forgot,Hin,Eng
Bharat,Hin,Ot
Mata,Hin,Hin
ki,Hin,Hin
Jai,Hin,Hin
is,Eng,Eng
real,Eng,Eng
desh,Hin,Hin
Bhakti,Hin,Hin
dawn arrived darkness out so also owls abhi to bas pahala dose hey sample pc Desh ke har kone mein kai bhujbal baaki hey,,
dawn,Eng,Eng
arrived,Eng,Eng
darkness,Eng,Eng
out,Eng,Eng
so,Eng,Eng
also,Eng,Eng
owls,Eng,Eng
abhi,Hin,Hin
to,Hin,Hin
bas,Hin,Hin
pahala,Hin,Hin
dose,Hin,Eng
hey,Hin,Eng
sample,Eng,Eng
pc,Eng,Eng
Desh,Hin,Hin
ke,Hin,Hin
har,Hin,Hin
kone,Hin,Hin
mein,Hin,Hin
kai,Hin,Hin
bhujbal,Hin,Hin
baaki,Hin,Hin
hey,Hin,Eng
dawn arrived darkness out so also owls abhi to bas pahala dose hey sample pc Desh ke har kone mein ka,,
dawn,Eng,Eng
arrived,Eng,Eng
darkness,Eng,Eng
out,Eng,Eng
so,Eng,Eng
also,Eng,Eng
owls,Eng,Eng
abhi,Hin,Hin
to,Hin,Hin
bas,Hin,Hin
pahala,Hin,Hin
dose,Hin,Eng
hey,Hin,Eng
sample,Eng,Eng
pc,Eng,Eng
Desh,Hin,Hin
ke,Hin,Hin
har,Hin,Hin
kone,Hin,Hin
mein,Hin,Hin
ka,Hin,Hin
dawn arrived darkness out so also owls abhi to bas pahala dose hey sample pc Desh ke har kone mein ka,,
dawn,Eng,Eng
arrived,Eng,Eng
darkness,Eng,Eng
out,Eng,Eng
so,Eng,Eng
also,Eng,Eng
owls,Eng,Eng
abhi,Hin,Hin
to,Hin,Hin
bas,Hin,Hin
pahala,Hin,Hin
dose,Hin,Eng
hey,Hin,Eng
sample,Eng,Eng
pc,Eng,Eng
Desh,Hin,Hin
ke,Hin,Hin
har,Hin,Hin
kone,Hin,Hin
mein,Hin,Hin
ka,Hin,Hin
Bharat Desh mahan hai Waris Pathan Changing the position He did not chant Bharat Mata ki Jai and got suspended from the assembly,,
Bharat,Hin,Hin
Desh,Hin,Hin
mahan,Hin,Hin
hai,Hin,Hin
Waris,Hin,Ot
Pathan,Eng,Ot
Changing,Eng,Eng
the,Eng,Eng
position,Eng,Eng
He,Eng,Eng
did,Eng,Eng
not,Eng,Eng
chant,Eng,Eng
Bharat,Hin,Ot
Mata,Hin,Hin
ki,Hin,Hin
Jai,Hin,Hin
and,Eng,Eng
got,Eng,Eng
suspended,Eng,Eng
from,Eng,Eng
the,Eng,Eng
assembly,Eng,Eng
He says Hindustan Zindabad n Jai hind Says Desh pe fakra hai Doesn t wanna say Bharat Mata ki Jai coz 1 n,,
He,Eng,Eng
says,Eng,Eng
Hindustan,Hin,Ot
Zindabad,Hin,Hin
n,Hin,Eng
Jai,Hin,Hin
hind,Hin,Hin
Says,Eng,Eng
Desh,Hin,Hin
pe,Hin,Hin
fakra,Hin,Hin
hai,Hin,Hin
Doesn,Hin,Eng
t,Hin,Eng
wanna,Hin,Eng
say,Hin,Eng
Bharat,Hin,Ot
Mata,Hin,Hin
ki,Hin,Hin
Jai,Hin,Hin
coz,Hin,Hin
1,O,Ot
n,Hin,Eng
muslims of subcontinent are slaves of arab s Ur not even considered muslim by turks na ghar ke naa ghaat ke,,
muslims,Eng,Eng
of,Eng,Eng
subcontinent,Eng,Eng
are,Eng,Eng
slaves,Eng,Eng
of,Eng,Eng
arab,Eng,Ot
s,Hin,Hin
Ur,Hin,Eng
not,Eng,Eng
even,Eng,Eng
considered,Eng,Eng
muslim,Eng,Ot
by,Eng,Eng
turks,Eng,Ot
na,Hin,Hin
ghar,Hin,Hin
ke,Hin,Hin
naa,Hin,Hin
ghaat,Hin,Hin
ke,Hin,Hin
Just tears in my eyes am hate all those boys who dm me cheap msges punjabi hoon gaalien dena suru kardi to din se raat ho jaye gye,,
Just,Hin,Eng
tears,Eng,Eng
in,Eng,Eng
my,Eng,Eng
eyes,Eng,Eng
am,Hin,Eng
hate,Hin,Eng
all,Eng,Eng
those,Eng,Eng
boys,Eng,Eng
who,Eng,Eng
dm,Eng,Eng
me,Eng,Eng
cheap,Eng,Eng
msges,Eng,Eng
punjabi,Hin,Ot
hoon,Hin,Hin
gaalien,Hin,Hin
dena,Hin,Hin
suru,Hin,Hin
kardi,Hin,Hin
to,Hin,Hin
din,Hin,Hin
se,Hin,Hin
raat,Hin,Hin
ho,Hin,Hin
jaye,Hin,Hin
gye,Hin,Hin
bharat maza desh ahe now in hindi it is feminine,,
bharat,Hin,Ot
maza,Hin,Hin
desh,Hin,Hin
ahe,Hin,Hin
now,Eng,Eng
in,Eng,Eng
hindi,Hin,Ot
it,Hin,Eng
is,Eng,Eng
feminine,Eng,Eng
GHA baiithe 1000 2000 sample leke poll karte hai aor bolte hain saale ullu ke pathe OPINION POLL ANIHE BLOODY SCAM,,
GHA,Hin,Ot
baiithe,Hin,Hin
1000,O,Ot
2000,O,Ot
sample,Hin,eng
leke,Hin,Hin
poll,Hin,Eng
karte,Hin,Hin
hai,Hin,Hin
aor,Hin,Hin
bolte,Hin,Hin
hain,Hin,Hin
saale,Hin,Hin
ullu,Hin,Hin
ke,Hin,Hin
pathe,Eng,Hin
OPINION,Eng,Eng
POLL,Hin,Hin
ANIHE,Hin,Hin
BLOODY,Hin,Hin
SCAM,Hin,Hin
2 din ki chandni phir andhery raat P,,
2,O,Ot
din,Hin,Hin
ki,Hin,Hin
chandni,Hin,Hin
phir,Hin,Hin
andhery,Hin,Hin
raat,Eng,Hin
P,Hin,Ot
With great respect and reverence to lord Hanuman Fondly called as Bhakt Here we go,,
With,Eng,Eng
great,Eng,Eng
respect,Eng,Eng
and,Eng,Eng
reverence,Eng,Eng
to,Eng,Eng
lord,Eng,Eng
Hanuman,Eng,Ot
Fondly,Eng,Eng
called,Eng,Eng
as,Eng,Eng
Bhakt,Hin,Hin
Here,Hin,Eng
we,Eng,Eng
go,Eng,Eng
gt gt gt Petrol prices hiked by s 3 07 Diesel gets dearer by s 1 90 a litre,,
gt,Eng,Ot
gt,Eng,Ot
gt,Eng,Ot
Petrol,Eng,Eng
prices,Eng,Eng
hiked,Eng,Eng
by,Eng,Eng
s,Eng,Eng
3,O,Ot
7,O,Ot
Diesel,Eng,Eng
gets,Eng,Eng
dearer,Eng,Eng
by,Eng,Eng
s,Eng,Eng
1,O,Ot
90,O,Ot
a,Eng,Eng
litre,Eng,Eng
Dear Sir U dnt need Constitution 2 say Bharat Mata Ki jai u need Desh Prem n love 4 ur motherland but sorry 2say u dnt hav that,,
Dear,Hin,Eng
Sir,Hin,Eng
U,Hin,Eng
dnt,Eng,Eng
need,Eng,Eng
Constitution,Eng,Eng
2,O,Ot
say,Eng,Ot
Bharat,Hin,Ot
Mata,Hin,Hin
Ki,Hin,Hin
jai,Hin,Hin
u,Eng,Eng
need,Eng,Eng
Desh,Hin,Hin
Prem,Hin,Hin
n,Hin,Eng
love,Hin,Eng
4,O,Ot
ur,Hin,Eng
motherland,Eng,Eng
but,Eng,Eng
sorry,Eng,Eng
2say,Eng,Eng
u,Eng,Eng
dnt,Hin,Eng
hav,Hin,Eng
that,Hin,Eng
When biggest controversy against govt is about their insistence on saying Bharat Mata ki jai things are good Well,,
When,Eng,Eng
biggest,Eng,Eng
controversy,Eng,Eng
against,Eng,Eng
govt,Eng,Eng
is,Eng,Eng
about,Eng,Eng
their,Eng,Eng
insistence,Eng,Eng
on,Eng,Eng
saying,Eng,Eng
Bharat,Hin,Ot
Mata,Hin,Hin
ki,Hin,Hin
jai,Hin,Hin
things,Eng,Eng
are,Eng,Eng
good,Eng,Eng
Well,Eng,Eng
political debate should go to he ll and lets say bharat mata ki jai and sanghi bhagao aur desh bachao,,
political,Eng,Eng
debate,Eng,Eng
should,Eng,Eng
go,Eng,Eng
to,Hin,Eng
he,Eng,Eng
ll,Eng,Eng
and,Eng,Eng
lets,Eng,Eng
say,Hin,Eng
bharat,Hin,Ot
mata,Hin,Hin
ki,Hin,Hin
jai,Hin,Hin
and,Hin,Eng
sanghi,Hin,Hin
bhagao,Hin,Hin
aur,Hin,Hin
desh,Hin,Hin
bachao,Hin,Hin
Main ni boluga Bharat Mata ki Jai omg then I would be a Desh Drohi according to some politicians wth now politicians will decide this,,
Main,Hin,Hin
ni,Hin,Hin
boluga,Hin,Hin
Bharat,Hin,Ot
Mata,Hin,Hin
ki,Hin,Hin
Jai,Hin,Hin
omg,Eng,Eng
then,Eng,Eng
I,Eng,Eng
would,Eng,Eng
be,Eng,Eng
a,Eng,Eng
Desh,Hin,hin
Drohi,Eng,Hin
according,Eng,Eng
to,Eng,Eng
some,Eng,Eng
politicians,Eng,Eng
wth,Eng,Eng
now,Eng,Eng
politicians,Eng,Eng
will,Eng,Eng
decide,Eng,Eng
this,Eng,Eng
Iss desh mein rehna hoga KUON to vande mataram kehna hoga What the INC stood with today Spin it Also fck u,,
Iss,Hin,Hin
desh,Hin,Hin
mein,Hin,Hin
rehna,Hin,Hin
hoga,Hin,Hin
KUON,Hin,Hin
to,Hin,Hin
vande,Hin,Hin
mataram,Hin,Hin
kehna,Hin,Hin
hoga,Hin,Hin
What,Hin,Eng
the,Eng,Eng
INC,Eng,Ot
stood,Eng,Eng
with,Eng,Eng
today,Eng,Eng
Spin,Eng,Eng
it,Hin,Eng
Also,Hin,Eng
fck,Hin,Eng
u,Hin,Eng
Iss desh mein rehna hoga KUON to vande mataram kehna hoga What the INC stood with today Spin it,,
Iss,Hin,Hin
desh,Hin,Hin
mein,Hin,Hin
rehna,Hin,Hin
hoga,Hin,Hin
KUON,Hin,Hin
to,Hin,Hin
vande,Hin,Hin
mataram,Hin,Hin
kehna,Hin,Hin
hoga,Hin,Hin
What,Hin,Eng
the,Eng,Eng
INC,Eng,Ot
stood,Eng,Eng
with,Eng,Eng
today,Eng,Eng
Spin,Eng,Eng
it,Hin,Eng
OMA ABDULLAH ZINDABAD WILL MEHBOOBA SAY BHAA MAA KI JAI IF NO HOW IN DUSBIN BHAA LOVED BY JESUS ESHWA ALLAHA MOE HAN OHES DESH,,
OMA,Hin,Ot
ABDULLAH,Hin,Ot
ZINDABAD,Hin,Hin
WILL,Hin,Hin
MEHBOOBA,Hin,Ot
SAY,Hin,Hin
BHAA,Hin,Hin
MAA,Hin,Hin
KI,Hin,Hin
JAI,Hin,Hin
IF,Hin,Eng
NO,Hin,Eng
HOW,Hin,Eng
IN,Hin,Eng
DUSBIN,Hin,Eng
BHAA,Hin,Ot
LOVED,Hin,Eng
BY,Hin,Eng
JESUS,Hin,Eng
ESHWA,Hin,Eng
ALLAHA,Hin,Hin
MOE,Hin,Hin
HAN,Hin,Hin
OHES,Hin,Hin
DESH,Hin,Hin
Year 2020 Guy cigarette pack dena Seller Paise do Guy itne paise nahi hain yeh ghar ke papers girwi rakh lo,,
Year,Eng,Eng
2020,O,Ot
Guy,Eng,Eng
cigarette,Eng,Eng
pack,Eng,Eng
dena,Hin,Hin
Seller,Hin,Eng
Paise,Hin,hin
do,Hin,Eng
Guy,Hin,Eng
itne,Hin,Hin
paise,Hin,Hin
nahi,Hin,Hin
hain,Hin,Hin
yeh,Hin,Hin
ghar,Hin,Hin
ke,Hin,Hin
papers,Hin,Eng
girwi,Hin,Hin
rakh,Hin,Hin
lo,Hin,Hin
Year 2020 Me cigarette pack dena Seller Paise do Me itne paise nahi hain yeh ghar ke papers girwi rakh lo,,
Year,Hin,Eng
2020,O,Ot
Me,Hin,Hin
cigarette,Eng,Eng
pack,Eng,Eng
dena,Hin,Hin
Seller,Hin,Eng
Paise,Hin,Hin
do,Hin,Hin
Me,Hin,Hin
itne,Hin,Hin
paise,Hin,Hin
nahi,Hin,Hin
hain,Hin,Hin
yeh,Hin,Hin
ghar,Hin,Hin
ke,Hin,Hin
papers,Hin,Hin
girwi,Hin,Hin
rakh,Hin,Hin
lo,Hin,Hin
Petrol and diesel prices fluctuate as per the mood of the minister Ghar pe jagda hua desh bhar mein price upar,,
Petrol,Eng,Eng
and,Eng,Eng
diesel,Eng,Eng
prices,Eng,Eng
fluctuate,Eng,Eng
as,Eng,Eng
per,Eng,Eng
the,Eng,Eng
mood,Eng,Eng
of,Eng,Eng
the,Eng,Eng
minister,Eng,Eng
Ghar,Hin,Hin
pe,Hin,Hin
jagda,Hin,Hin
hua,Hin,Hin
desh,Hin,Hin
bhar,Hin,Hin
mein,Hin,Hin
price,Eng,Eng
upar,Hin,Hin
Do you feel any problem to speak this circular,,
Do,Hin,Eng
you,Eng,Eng
feel,Eng,Eng
any,Eng,Eng
problem,Eng,Eng
to,Eng,Eng
speak,Eng,Eng
this,Eng,Eng
circular,Eng,Eng
u r a MLA frm a place in maharastra whch cums in bharat and u dnt hav respect of bharat desh,,
u,Hin,Eng
r,Hin,Eng
a,Hin,Eng
MLA,Hin,Ot
frm,Hin,Eng
a,Eng,Eng
place,Eng,Eng
in,Eng,Eng
maharastra,Eng,Ot
whch,Eng,Eng
cums,Eng,Eng
in,Hin,Hin
bharat,Hin,Ot
and,Hin,Eng
u,Eng,Eng
dnt,Hin,Eng
hav,Hin,Eng
respect,Eng,Eng
of,Eng,Eng
bharat,Hin,Ot
desh,Hin,Hin
mind mandatory in Governance and parliament bills what they think similiar everybody,,
mind,Eng,Eng
mandatory,Eng,Eng
in,Eng,Eng
Governance,Eng,Eng
and,Eng,Eng
parliament,Eng,Eng
bills,Eng,Eng
what,Eng,Eng
they,Eng,Eng
think,Eng,Eng
similiar,Eng,Eng
everybody,Hin,Eng
amin hamare players ke paas ghar to hai at least,,
amin,Hin,Hin
hamare,Eng,Hin
players,Eng,Eng
ke,Hin,Hin
paas,Hin,Hin
ghar,Hin,Hin
to,Hin,Hin
hai,Hin,Hin
at,Eng,Eng
least,Eng,Eng
After intolerant India there is new hype Bharat mata ki jai peace guys Jis desh ka khate ho uske liye bafadar to raho Jai Ho,,
After,Eng,Eng
intolerant,Eng,Eng
India,Eng,Eng
there,Eng,Eng
is,Eng,Eng
new,Eng,Eng
hype,Eng,Eng
Bharat,Hin,Ot
mata,Hin,Hin
ki,Hin,Hin
jai,Hin,Hin
peace,Eng,Eng
guys,Eng,Eng
Jis,Hin,Hin
desh,Hin,Hin
ka,Hin,Hin
khate,Hin,Hin
ho,Hin,Hin
uske,Hin,Hin
liye,Hin,Hin
bafadar,Hin,Hin
to,Hin,Hin
raho,Hin,Hin
Jai,Hin,Hin
Ho,Hin,Hin
episode kindled DESH PEM galvanised students Soon university campuses hear BHAA MAA KI JAI jaya ghosh,,
episode,Eng,Eng
kindled,Eng,Eng
DESH,Hin,Hin
PEM,Eng,hin
galvanised,Eng,Eng
students,Eng,Eng
Soon,Eng,Eng
university,Eng,Eng
campuses,Eng,Eng
hear,Eng,Eng
BHAA,Hin,Ot
MAA,Hin,Hin
KI,Hin,Hin
JAI,Hin,Hin
jaya,Hin,Ot
ghosh,Hin,Ot
I proudly say Bharat Mata ki jai Meaning my country I salute you But isn t Bharat masculine V say merA desh MerA Bharat mahan How Mata,,
I,Eng,Eng
proudly,Eng,Eng
say,Eng,Eng
Bharat,Hin,Ot
Mata,Hin,Hin
ki,Hin,Hin
jai,Hin,Hin
Meaning,Eng,Eng
my,Eng,Eng
country,Eng,Eng
I,Eng,Eng
salute,Eng,Eng
you,Eng,Eng
But,Eng,Eng
isn,Eng,Eng
t,Hin,Eng
Bharat,Eng,Ot
masculine,Eng,Eng
V,Eng,Eng
say,Hin,Eng
merA,Hin,Hin
desh,Hin,Hin
MerA,Hin,Hin
Bharat,Hin,Ot
mahan,Hin,Hin
How,Hin,Eng
Mata,Hin,Hin
I proudly say Bharat Mata ki jai Meaning my country I salute you But isn t Bharat masculine V say merA desh MerA Bharat mah,,
I,Eng,Eng
proudly,Eng,Eng
say,Eng,Eng
Bharat,Hin,Ot
Mata,Hin,Hin
ki,Hin,Hin
jai,Hin,Hin
Meaning,Eng,Eng
my,Eng,Eng
country,Eng,Eng
I,Eng,Eng
salute,Eng,Eng
you,Eng,Eng
But,Eng,Eng
isn,Eng,Eng
t,Hin,Eng
Bharat,Eng,Ot
masculine,Eng,Eng
V,Eng,Eng
say,Hin,Eng
merA,Hin,Hin
desh,Hin,Hin
MerA,Hin,Hin
Bharat,Hin,Hin
mah,Hin,Hin
I won t say bharat maata what you and bjp can do sirf kehne se desh bhakht ho gaye and who the hell r u 2 gve me certificate,,
I,Eng,Eng
won,Eng,Eng
t,Eng,Eng
say,Hin,Eng
bharat,Hin,Eng
maata,Hin,Hin
what,Hin,Eng
you,Eng,Eng
and,Hin,Hin
bjp,Hin,Ot
can,Eng,Eng
do,Hin,Eng
sirf,Hin,Hin
kehne,Hin,Hin
se,Hin,Hin
desh,Hin,Hin
bhakht,Hin,Hin
ho,Hin,Hin
gaye,Hin,Hin
and,Eng,Eng
who,Eng,Eng
the,Eng,Eng
hell,Eng,Eng
r,Hin,Eng
u,Hin,Eng
2,O,Ot
gve,Hin,Eng
me,Eng,Eng
certificate,Eng,Eng
A short video summarizing our journey towards Power For All Do watch and share,,
A,Eng,Eng
short,Eng,Eng
video,Eng,Eng
summarizing,Eng,Eng
our,Eng,Eng
journey,Eng,Eng
towards,Eng,Eng
Power,Eng,Eng
For,Eng,Eng
All,Hin,Eng
Do,Eng,Eng
watch,Eng,Eng
and,Eng,Eng
share,Eng,Eng
She took the boriya bistar baandh ke nikak jaa ghar se to the next level,,
She,Eng,Eng
took,Eng,Eng
the,Eng,Eng
boriya,Hin,Hin
bistar,Hin,Hin
baandh,Hin,Hin
ke,Hin,Hin
nikak,Hin,Hin
jaa,Hin,Hin
ghar,Hin,Hin
se,Hin,Hin
to,Eng,Eng
the,Eng,Eng
next,Eng,Eng
level,Eng,Eng
Kaam ka scale yeh hai ke 2 din se raat ka khana skip ker raha hun I don t believe myself writing this his ain t me,,
Kaam,Hin,Hin
ka,Hin,Hin
scale,Eng,Eng
yeh,Hin,Hin
hai,Hin,Hin
ke,Hin,Hin
2,O,Ot
din,Hin,Hin
se,Hin,Hin
raat,Hin,Hin
ka,Hin,Hin
khana,Hin,Hin
skip,Eng,Eng
ker,Hin,Hin
raha,Hin,Hin
hun,Hin,Hin
I,Hin,Eng
don,Hin,Eng
t,Eng,Eng
believe,Eng,Eng
myself,Eng,Eng
writing,Eng,Eng
this,Eng,Eng
his,Eng,Eng
ain,Eng,Eng
t,Hin,Eng
me,Hin,Eng
She Give me one reason to marry you He I own a DSL She DONE Agar ghar wale na maney tou bhi hum bhag ke shadi krlenge,,
She,Hin,Eng
Give,Hin,Eng
me,Hin,Eng
one,Eng,Eng
reason,Eng,Eng
to,Eng,Eng
marry,Eng,Eng
you,Eng,Eng
He,Hin,Eng
I,Eng,Eng
own,Eng,Eng
a,Eng,Eng
DSL,Eng,Eng
She,Hin,Eng
DONE,Hin,Eng
Agar,Hin,Hin
ghar,Hin,Hin
wale,Hin,Hin
na,Hin,Hin
maney,Hin,Hin
tou,Hin,Hin
bhi,Hin,Hin
hum,Hin,Hin
bhag,Hin,Hin
ke,Hin,Hin
shadi,Hin,Hin
krlenge,Hin,Hin
Din raat khoon chooste hain dete kuch hain nahin I ll try being a cabby now,,
Din,Hin,Hin
raat,Hin,Hin
khoon,Hin,Hin
chooste,Hin,Hin
hain,Hin,Hin
dete,Hin,Hin
kuch,Hin,Hin
hain,Hin,Hin
nahin,Hin,Hin
I,Hin,Eng
ll,Eng,Eng
try,Eng,Eng
being,Eng,Eng
a,Eng,Eng
cabby,Eng,Eng
now,Eng,Eng
HA Desh Mein aap ki awaz MSG Yuth changed and mind fresh only MSG say,,
HA,Hin,Hin
Desh,Hin,Hin
Mein,Hin,Hin
aap,Hin,Hin
ki,Hin,Hin
awaz,Hin,Hin
MSG,Eng,Eng
Yuth,Eng,Eng
changed,Eng,Eng
and,Eng,Eng
mind,Eng,Eng
fresh,Eng,Eng
only,Eng,Eng
MSG,Eng,Eng
say,Eng,Hin
krishan HA Desh Mein aap ki awaz MSG Yuth changed and mind fresh only MSG say,,
krishan,Hin,Ot
HA,Hin,Ot
Desh,Hin,Hin
Mein,Hin,Hin
aap,Hin,Hin
ki,Hin,Hin
awaz,Hin,Hin
MSG,Eng,Eng
Yuth,Eng,Eng
changed,Eng,Eng
and,Eng,Eng
mind,Eng,Eng
fresh,Eng,Eng
only,Eng,Eng
MSG,Eng,Eng
say,Eng,Hin
Orthodox Sanghis still believe in chanting Bharat Mata ki Jai while the latest fashion is to shout Bharat tere tukde hong,,
Orthodox,Eng,Eng
Sanghis,Eng,Ot
still,Eng,Eng
believe,Eng,Eng
in,Eng,Eng
chanting,Eng,Eng
Bharat,Hin,Hin
Mata,Hin,Hin
ki,Hin,Hin
Jai,Hin,Hin
while,Eng,Eng
the,Eng,Eng
latest,Eng,Eng
fashion,Eng,Eng
is,Eng,Eng
to,Eng,Eng
shout,Eng,Eng
Bharat,Hin,Ot
tere,Hin,Hin
tukde,Hin,Hin
hong,Hin,Hin
krishan HA Desh Mein aap ki awaz MSG Yuth changed and mind fresh only MSG say,,
krishan,Hin,Ot
HA,Hin,Ot
Desh,Hin,Hin
Mein,Hin,Hin
aap,Hin,Hin
ki,Hin,Hin
awaz,Hin,Hin
MSG,Eng,Eng
Yuth,Eng,Eng
changed,Eng,Eng
and,Eng,Eng
mind,Eng,Eng
fresh,Eng,Eng
only,Eng,Eng
MSG,Eng,Eng
say,Eng,Hin
But up village area me proper light nhe a aye Din me aate hai to raat me nhe aate or raat me aate hai to din me nhe https,,
But,Eng,Eng
up,Eng,Eng
village,Eng,Eng
area,Eng,Eng
me,Eng,Eng
proper,Eng,Eng
light,Eng,Eng
nhe,Hin,Hin
a,Hin,Hin
aye,Hin,Hin
Din,Hin,Hin
me,Hin,Hin
aate,Hin,Hin
hai,Hin,Hin
to,Hin,Hin
raat,Hin,Hin
me,Hin,Hin
nhe,Hin,Hin
aate,Hin,Hin
or,Hin,Hin
raat,Hin,Hin
me,Hin,Hin
aate,Hin,Hin
hai,Hin,Hin
to,Hin,Hin
din,Hin,Hin
me,Hin,Hin
nhe,Eng,Hin
https,Eng,Eng
India ranks 118th out of 156 countries on happiness index U N report via in,,
India,Eng,Eng
ranks,Eng,Eng
118th,Eng,Eng
out,Eng,Eng
of,Eng,Eng
156,O,Ot
countries,Eng,Eng
on,Eng,Eng
happiness,Eng,Eng
index,Eng,Eng
U,Eng,Eng
N,Eng,Eng
report,Eng,Eng
via,Eng,Eng
in,Eng,Eng